experiment,target_domain,num_malicious,mode,warmup_queries,cold_start_s0,window_idx,query_start,query_end,n,window_hr@1_mean,window_hr@1_std,window_hr@3_mean,window_hr@3_std,window_acc@1_mean,window_acc@1_std,window_acc@3_mean,window_acc@3_std,window_malicious_rank_mean,window_malicious_rank_std,cumulative_hr@1_mean,cumulative_hr@1_std,cumulative_hr@3_mean,cumulative_hr@3_std,cumulative_acc@1_mean,cumulative_acc@1_std,cumulative_acc@3_mean,cumulative_acc@3_std,cumulative_malicious_rank_mean,cumulative_malicious_rank_std,mal_effective_trust_mean,mal_effective_trust_std,target_effective_trust_mean,target_effective_trust_std,mal_reputation_mean,mal_reputation_std,target_reputation_mean,target_reputation_std
ragroute_online,gaming,1,Full TASR,50,0.7,1,1,50,5,0.012,0.010954451150103323,0.936,0.03286335345030994,0.916,0.008944271909999166,0.972,0.010954451150103333,2.312,0.12930583900195694,0.012,0.010954451150103323,0.936,0.03286335345030994,0.916,0.008944271909999166,0.972,0.010954451150103333,2.312,0.12930583900195694,0.936883935533431,0.00342611192473726,0.9406224565302179,0.001087605314304822,1.0,0.0,1.0,0.0
ragroute_online,gaming,1,Full TASR,50,0.7,2,51,100,5,0.0,0.0,0.628,0.030331501776206228,0.884,0.008944271909999166,0.924,0.008944271909999116,4.244,0.32168307384753725,0.006,0.005477225575051661,0.782,0.02280350850198278,0.9,0.0,0.948,0.008366600265340763,3.278,0.13046072205840337,0.0318331674849291,0.01238017387922003,0.9509441215710751,0.02327412232301005,0.09346020094679454,0.03208048261770437,1.0,0.0
ragroute_online,gaming,1,Full TASR,50,0.7,3,101,150,5,0.0,0.0,0.276,0.0606630035524124,0.848,0.03346640106136305,0.96,0.0,6.612,0.5852520824396953,0.004,0.003651483716701108,0.6133333333333334,0.030912061651652358,0.8826666666666667,0.01115546702045437,0.952,0.005577733510227167,4.389333333333333,0.27839220934182424,0.010465698261881961,0.003358210965468938,0.5706405632207003,0.018527327554152144,0.03398073195708516,0.0104284290140612,1.0,0.0
ragroute_online,gaming,1,Full TASR,50,0.7,4,151,200,5,0.0,0.0,0.17600000000000002,0.04979959839195492,0.952,0.038987177379235835,1.0,0.0,7.312,0.7304245340895936,0.003,0.0027386127875258306,0.504,0.0341686991265398,0.9,0.012247448713915901,0.964,0.004183300132670382,5.12,0.38555155297314003,0.005342542027315969,0.0018747350874560758,0.4785804946407804,0.008879386658731434,0.01743014427899481,0.005913797876304882,0.9550872000000001,0.0
ragroute_online,gaming,1,Full TASR,50,0.7,5,201,250,5,0.0,0.0,0.152,0.054037024344425186,0.896,0.026076809620810618,0.98,0.0,8.104,0.5479781017522507,0.0024000000000000002,0.0021908902300206644,0.4336,0.038010524858254714,0.8992,0.008671793355471528,0.9672,0.003346640106136305,5.7168,0.41687791977987976,0.0033634165229531497,0.0005792464466137131,0.35653731664488886,0.01180398183147538,0.011031697647338192,0.0018561926850872341,1.0,0.0
ragroute_online,gaming,1,Full TASR,50,0.7,6,251,300,5,0.0,0.0,0.212,0.01788854381999831,0.804,0.026076809620810562,0.976,0.008944271909999166,7.608,0.16161683080669528,0.002,0.001825741858350554,0.39666666666666667,0.03456073558887955,0.8833333333333333,0.007071067811865481,0.9686666666666667,0.0038005847503304554,6.032,0.35143831448618235,0.003042491011110898,2.3950629875276946e-05,0.3361142657085053,0.017795351873745466,0.01,0.0,1.0,0.0
ragroute_online,gaming,1,Full TASR,50,0.7,7,301,350,5,0.0,0.0,0.208,0.01788854381999832,0.824,0.021908902300206635,0.976,0.016733200530681527,8.028,0.35031414473298134,0.0017142857142857142,0.0015649215928719032,0.3697142857142857,0.029457683242930303,0.8748571428571429,0.008427360687858624,0.9697142857142856,0.0025555062599997903,6.317142857142857,0.2856357034791709,0.00305697694531329,6.36121319233941e-06,0.2987191004396357,0.007182601787777797,0.01,0.0,0.9550872000000001,0.0
ragroute_online,gaming,1,Full TASR,50,0.7,8,351,400,5,0.0,0.0,0.132,0.010954451150103333,0.7959999999999999,0.051768716422179124,0.956,0.016733200530681527,9.12,0.21587033144922904,0.0015,0.0013693063937629153,0.34,0.024431025357115072,0.865,0.010606601717798184,0.968,0.003259601202601344,6.6675,0.23996093432056834,0.0030858457827722483,3.353057281917654e-05,0.30899736676672007,0.0027353117931384285,0.01008,0.00010954451150103351,1.0,0.0
ragroute_online,gaming,1,Full TASR,50,0.7,9,401,450,5,0.0,0.0,0.24,0.024494897427831792,0.924,0.008944271909999116,0.992,0.010954451150103333,7.108,0.17123083834403177,0.0013333333333333333,0.0012171612389003691,0.3288888888888889,0.023200681130912327,0.8715555555555555,0.009216196157034551,0.9706666666666667,0.002434322477800754,6.716444444444445,0.22490930956913305,0.003062607939789504,9.759791911853127e-07,0.29548044248280386,0.007012501543142348,0.01,0.0,1.0,0.0
ragroute_online,gaming,1,Full TASR,50,0.7,10,451,500,5,0.0,0.0,0.264,0.026076809620810597,0.924,0.021908902300206617,1.0,0.0,6.176,0.09316651759081686,0.0012000000000000001,0.0010954451150103322,0.3224,0.0227771815640127,0.8768,0.00742967024840269,0.9736,0.002190890230020666,6.6624,0.20015194228385602,0.003058769877998411,1.6076033226913093e-05,0.3067523627464303,0.0024413659783129107,0.01,0.0,1.0,0.0
ragroute_online,gaming,1,No Defense,50,0.7,1,1,50,5,0.016,0.00894427190999916,0.928,0.03033150177620617,0.828,0.010954451150103333,0.972,0.010954451150103333,2.432,0.11966620241321284,0.016,0.00894427190999916,0.928,0.03033150177620617,0.828,0.010954451150103333,0.972,0.010954451150103333,2.432,0.11966620241321284,0.7,0.0,0.7,0.0,1.0,0.0,1.0,0.0
ragroute_online,gaming,1,No Defense,50,0.7,2,51,100,5,0.028,0.010954451150103323,0.896,0.04979959839195493,0.848,0.010954451150103333,0.876,0.021908902300206666,2.564,0.12680693987317898,0.022,0.008366600265340755,0.912,0.029495762407505278,0.838,0.010954451150103333,0.924,0.011401754250991351,2.498,0.11777096416349829,0.7,0.0,0.7,0.0,1.0,0.0,1.0,0.0
ragroute_online,gaming,1,No Defense,50,0.7,3,101,150,5,0.032,0.026832815729997475,0.856,0.05727128425310542,0.848,0.0268328157299975,0.912,0.010954451150103333,2.52,0.14899664425751333,0.025333333333333333,0.014452988925785866,0.8933333333333333,0.0380058475033046,0.8413333333333334,0.015202339001321851,0.92,0.009428090415820656,2.505333333333333,0.11985176028930257,0.7,0.0,0.7,0.0,1.0,0.0,1.0,0.0
ragroute_online,gaming,1,No Defense,50,0.7,4,151,200,5,0.004,0.00894427190999916,0.936,0.021908902300206604,0.876,0.008944271909999166,1.0,0.0,2.312,0.09444575162494065,0.02,0.009354143466934852,0.904,0.030290262461721947,0.85,0.010000000000000009,0.94,0.007071067811865442,2.457,0.11071359446788821,0.7,0.0,0.7,0.0,1.0,0.0,1.0,0.0
ragroute_online,gaming,1,No Defense,50,0.7,5,201,250,5,0.012,0.010954451150103323,0.848,0.05761944116355174,0.82,0.0,0.9319999999999999,0.01095445115010327,2.5,0.23151673805580458,0.0184,0.008763560920082658,0.8928,0.03480229877464996,0.844,0.008000000000000007,0.9384,0.006066300355241194,2.4656,0.13192725268116526,0.7,0.0,0.7,0.0,1.0,0.0,1.0,0.0
ragroute_online,gaming,1,No Defense,50,0.7,6,251,300,5,0.02,0.02449489742783178,0.888,0.055856960175075764,0.82,0.024494897427831758,0.9359999999999999,0.016733200530681475,2.408,0.15270887335056874,0.018666666666666668,0.008366600265340756,0.892,0.03548082424196044,0.84,0.007071067811865455,0.9380000000000001,0.006497862896539303,2.456,0.13214890591046657,0.7,0.0,0.7,0.0,1.0,0.0,1.0,0.0
ragroute_online,gaming,1,No Defense,50,0.7,7,301,350,5,0.008,0.010954451150103323,0.868,0.030331501776206228,0.776,0.008944271909999166,0.888,0.017888543819998333,2.62,0.150332963783729,0.017142857142857144,0.006700593942604899,0.8885714285714286,0.03458205267688633,0.8308571428571428,0.0061941381110510625,0.9308571428571428,0.005111012519999525,2.4794285714285715,0.1338656042454521,0.7,0.0,0.7,0.0,1.0,0.0,1.0,0.0
ragroute_online,gaming,1,No Defense,50,0.7,8,351,400,5,0.0,0.0,0.832,0.07014271166700073,0.78,0.0,0.92,0.0,2.824,0.2141961717678446,0.015000000000000001,0.005863019699779287,0.8815,0.0376911793394688,0.8245,0.005419870847169728,0.9295,0.004472135954999574,2.5225,0.14286138386561995,0.7,0.0,0.7,0.0,1.0,0.0,1.0,0.0
ragroute_online,gaming,1,No Defense,50,0.7,9,401,450,5,0.012,0.01788854381999832,0.9159999999999999,0.043358966777357594,0.892,0.010954451150103333,0.968,0.010954451150103333,2.372,0.13084341787036913,0.014666666666666666,0.00557773351022717,0.8853333333333333,0.03812260921465546,0.832,0.004331908597692864,0.9337777777777778,0.005067446333773945,2.505777777777778,0.1406563099575138,0.7,0.0,0.7,0.0,1.0,0.0,1.0,0.0
ragroute_online,gaming,1,No Defense,50,0.7,10,451,500,5,0.012,0.010954451150103323,0.904,0.0589915248150105,0.78,0.014142135623730963,0.952,0.017888543819998333,2.44,0.12961481396815733,0.0144,0.0049799598391954926,0.8872,0.03946137351892357,0.8268,0.004381780460041332,0.9356,0.005366563145999442,2.4992,0.13471896674188089,0.7,0.0,0.7,0.0,1.0,0.0,1.0,0.0
ragroute_online,gaming,1,Rel,50,0.7,1,1,50,5,0.012,0.010954451150103323,0.936,0.03286335345030994,0.916,0.008944271909999166,0.972,0.010954451150103333,2.312,0.12930583900195694,0.012,0.010954451150103323,0.936,0.03286335345030994,0.916,0.008944271909999166,0.972,0.010954451150103333,2.312,0.12930583900195694,0.936883935533431,0.00342611192473726,0.9406224565302179,0.001087605314304822,1.0,0.0,1.0,0.0
ragroute_online,gaming,1,Rel,50,0.7,2,51,100,5,0.0,0.0,0.712,0.017888543819998333,0.864,0.008944271909999166,0.944,0.008944271909999166,3.6439999999999997,0.2006987792688336,0.006,0.005477225575051661,0.824,0.015165750888103064,0.89,0.0,0.958,0.008366600265340763,2.9779999999999998,0.06648308055437868,0.06455479539605569,0.02598584115819736,0.9880118807263747,0.00021958372591060542,0.06581685865142091,0.02647905441142447,1.0,0.0
ragroute_online,gaming,1,Rel,50,0.7,3,101,150,5,0.0,0.0,0.34,0.058309518948452994,0.888,0.010954451150103333,0.948,0.010954451150103333,5.924,0.5995665100720686,0.004,0.003651483716701108,0.6626666666666666,0.024312776705080617,0.8893333333333333,0.00365148371670107,0.9546666666666667,0.0073029674334022165,3.96,0.24115462996914566,0.01734343999219009,0.0063800338673647835,0.9975305271846879,5.820872577972401e-05,0.01753028937507376,0.006430241676478175,1.0,0.0
ragroute_online,gaming,1,Rel,50,0.7,4,151,200,5,0.0,0.0,0.216,0.03286335345030997,1.0,0.0,1.0,0.0,6.388,0.5415902510200863,0.003,0.0027386127875258306,0.551,0.02484954727957832,0.917,0.0027386127875258333,0.966,0.0054772255750516665,4.567,0.31403821423514683,0.010812758552930781,0.0016291324705604215,0.9546417252037178,1.050042749922504e-05,0.010895670127890052,0.0016325974716807298,0.9550872000000001,0.0
ragroute_online,gaming,1,Rel,50,0.7,5,201,250,5,0.0,0.0,0.22,0.02828427124746191,0.944,0.008944271909999166,0.98,0.0,6.712,0.255577776811678,0.0024000000000000002,0.0021908902300206644,0.4848,0.024232209969377534,0.9224,0.0035777087639996667,0.9688,0.004381780460041332,4.9959999999999996,0.27878306978724515,0.010105553140581565,9.452988726192122e-05,0.9999089180207601,2.146922177140084e-06,0.01016,8.944271909999182e-05,1.0,0.0
ragroute_online,gaming,1,Rel,50,0.7,6,251,300,5,0.0,0.0,0.328,0.017888543819998333,1.0,0.0,1.0,0.0,6.244,0.16577092628081694,0.002,0.001825741858350554,0.45866666666666667,0.02008316044185609,0.9353333333333333,0.002981423969999689,0.974,0.0036514837167011004,5.204,0.23998148076697728,0.009970592956908147,5.470733423046181e-06,0.9999827968362635,4.055012204439534e-07,0.01,0.0,1.0,0.0
ragroute_online,gaming,1,Rel,50,0.7,7,301,350,5,0.0,0.0,0.28,0.02449489742783178,0.944,0.026076809620810566,0.984,0.008944271909999166,6.4559999999999995,0.3112555220393689,0.0017142857142857142,0.0015649215928719032,0.43314285714285716,0.019959141938940533,0.9365714285714285,0.006194138111051103,0.9754285714285714,0.002555506259999741,5.382857142857143,0.2167571762811733,0.009981470304586912,3.9057799659734255e-06,0.9550840132335526,4.7030846302969514e-08,0.01,0.0,0.9550872000000001,0.0
ragroute_online,gaming,1,Rel,50,0.7,8,351,400,5,0.0,0.0,0.192,0.0303315017762062,0.94,0.0,0.98,0.0,7.428,0.17005881335585069,0.0015,0.0013693063937629153,0.403,0.020946360065653404,0.9369999999999999,0.0054198708471696715,0.976,0.0022360679774997916,5.6385,0.2007454856279461,0.010066319032037469,0.0001084057811110937,0.9999993484322842,9.615948182869144e-09,0.01008,0.00010954451150103351,1.0,0.0
ragroute_online,gaming,1,Rel,50,0.7,9,401,450,5,0.0,0.0,0.356,0.0167332005306815,1.0,0.0,1.0,0.0,5.808,0.21241468875762812,0.0013333333333333333,0.0012171612389003691,0.3977777777777778,0.019938176049918176,0.944,0.004817662975261986,0.9786666666666667,0.001987615979999826,5.657333333333334,0.19609395581244413,0.010072410843779507,0.00010872864771956588,0.9999998769347549,1.8162180144610597e-09,0.01008,0.00010954451150103351,1.0,0.0
ragroute_online,gaming,1,Rel,50,0.7,10,451,500,5,0.0,0.0,0.34400000000000003,0.032863353450309975,1.0,0.0,1.0,0.0,5.144,0.0864869932417586,0.0012000000000000001,0.0010954451150103322,0.3924,0.020947553556441855,0.9496,0.004335896677735764,0.9808,0.0017888543819998333,5.606,0.1807373785358193,0.00999571711842544,1.2313976855904848e-06,0.9999999767559776,3.4303930008327674e-10,0.01,0.0,1.0,0.0
ragroute_online,gaming,3,Full TASR,50,0.7,1,1,50,5,0.068,0.041472882706655445,0.972,0.010954451150103333,0.876,0.05366563145999495,0.964,0.016733200530681527,2.028,0.07155417527999333,0.068,0.041472882706655445,0.972,0.010954451150103333,0.876,0.05366563145999495,0.964,0.016733200530681527,2.028,0.07155417527999333,0.8762445350721031,0.0036137613448106,0.9398147208969543,0.001685574028294521,1.0,0.0,1.0,0.0
ragroute_online,gaming,3,Full TASR,50,0.7,2,51,100,5,0.0,0.0,0.824,0.021908902300206635,0.88,0.028284271247461926,0.94,0.014142135623730925,2.828,0.08438009243891585,0.034,0.020736441353327723,0.898,0.013038404810405309,0.878,0.03492849839314599,0.952,0.004472135954999583,2.428,0.05805170109479993,0.13993835150596481,0.0036875626093563715,0.9642086430405211,0.02646289653104965,0.2961087824145241,0.006396061802099861,1.0,0.0
ragroute_online,gaming,3,Full TASR,50,0.7,3,101,150,5,0.0,0.0,0.552,0.04147288270665543,0.88,0.014142135623730963,0.956,0.016733200530681527,3.988,0.280570846668003,0.02266666666666667,0.013824294235551815,0.7826666666666666,0.007601169500660915,0.8786666666666667,0.024675674031095687,0.9533333333333334,0.006666666666666654,2.948,0.09169999394159668,0.046549530120152144,0.003832964959320096,0.6997716869705036,0.07515845111364002,0.12537773704837335,0.009945922273931943,0.9508,0.0449132497154236
ragroute_online,gaming,3,Full TASR,50,0.7,4,151,200,5,0.0,0.0,0.424,0.045607017003965515,0.988,0.010954451150103333,1.0,0.0,4.332,0.14463747785411635,0.017,0.010368220676663861,0.693,0.01680773631397158,0.906,0.019811612756158968,0.965,0.0050000000000000044,3.294,0.09542012366372203,0.022008266500893846,0.002366594703270074,0.6947294908653495,0.05162910261657833,0.06434886990702061,0.0077637964044153795,0.9550872000000001,0.0
ragroute_online,gaming,3,Full TASR,50,0.7,5,201,250,5,0.0,0.0,0.368,0.0363318042491699,0.9,0.028284271247461926,0.98,0.0,5.048,0.18686893802876925,0.013600000000000001,0.008294576541331089,0.628,0.018761663039293736,0.9048,0.012457929201917961,0.968,0.0040000000000000036,3.6448,0.09961525987518173,0.01286347733124132,0.0021650234654075314,0.49802413980587984,0.07595087666149694,0.03901326824096087,0.0067740050668487015,1.0,0.0
ragroute_online,gaming,3,Full TASR,50,0.7,6,251,300,5,0.0,0.0,0.392,0.06723094525588644,0.82,0.058309518948453,0.988,0.010954451150103333,5.552,0.1603745615738355,0.011333333333333334,0.0069121471177759075,0.5886666666666667,0.026729093595639287,0.8906666666666666,0.009249624617007736,0.9713333333333334,0.0038005847503304745,3.962666666666667,0.0962462120466741,0.0068069187011116665,0.0011123361253030377,0.4313642002566733,0.05005403659357528,0.021424370095338634,0.003630287907463211,1.0,0.0
ragroute_online,gaming,3,Full TASR,50,0.7,7,301,350,5,0.0,0.0,0.28800000000000003,0.010954451150103302,0.808,0.01095445115010327,0.956,0.021908902300206666,6.488,0.15401298646542752,0.009714285714285715,0.005924697529522206,0.5457142857142857,0.024159335036125374,0.8788571428571429,0.007719574906346459,0.9691428571428571,0.002390457218668776,4.323428571428572,0.08711709220986452,0.004438891384945815,0.0005105042073990468,0.3522841004455479,0.019417985277503685,0.014174096228611668,0.0017323390319677525,0.99101744,0.02008561477197045
ragroute_online,gaming,3,Full TASR,50,0.7,8,351,400,5,0.0,0.0,0.152,0.01788854381999831,0.756,0.026076809620810618,0.96,0.014142135623730963,7.8,0.39115214431215883,0.0085,0.005184110338331931,0.4965,0.022885584982691613,0.8635,0.008023403267940609,0.968,0.003708099243547827,4.758,0.11079824005822485,0.0036825676605587534,0.0003968039413948116,0.32716299400270055,0.022921962750030094,0.011670898523682862,0.0011155384620460107,0.9949541920783014,0.006909257048881487
ragroute_online,gaming,3,Full TASR,50,0.7,9,401,450,5,0.0,0.0,0.252,0.06099180272790762,0.92,0.014142135623730925,0.98,0.0,6.636,0.3395290856465762,0.007555555555555556,0.004608098078517271,0.4693333333333333,0.02649947588580237,0.8697777777777778,0.007131914015947198,0.9693333333333334,0.0032960882164869824,4.966666666666667,0.13098864336788127,0.0031846528234447803,7.272734262891527e-05,0.3164991405903502,0.01492296822059014,0.010241028160703899,7.037492511624498e-05,1.0,0.0
ragroute_online,gaming,3,Full TASR,50,0.7,10,451,500,5,0.0,0.0,0.304,0.045607017003965515,0.884,0.029664793948382676,1.0,0.0,5.712,0.2651791847034755,0.0068000000000000005,0.0041472882706655445,0.4528,0.028340783334269364,0.8712,0.0048166378315169225,0.9723999999999999,0.0029664793948382677,5.0412,0.1383806344832976,0.0031066947613702716,3.860020746162094e-05,0.30676188650529645,0.007608277221981918,0.010148544,5.762919198539008e-05,1.0,0.0
ragroute_online,gaming,3,No Defense,50,0.7,1,1,50,5,0.044,0.01673320053068151,0.976,0.008944271909999166,0.828,0.017888543819998333,0.96,0.014142135623730963,2.152,0.04147288270665548,0.044,0.01673320053068151,0.976,0.008944271909999166,0.828,0.017888543819998333,0.96,0.014142135623730963,2.152,0.04147288270665548,0.7,0.0,0.7,0.0,1.0,0.0,1.0,0.0
ragroute_online,gaming,3,No Defense,50,0.7,2,51,100,5,0.04,0.01414213562373095,0.956,0.021908902300206666,0.84,0.014142135623730963,0.864,0.008944271909999166,2.244,0.08414273587185037,0.042,0.004472135954999581,0.966,0.01341640786499875,0.834,0.01140175425099139,0.912,0.004472135954999583,2.198,0.02280350850198278,0.7,0.0,0.7,0.0,1.0,0.0,1.0,0.0
ragroute_online,gaming,3,No Defense,50,0.7,3,101,150,5,0.088,0.041472882706655445,0.952,0.041472882706655424,0.8079999999999999,0.026832815729997444,0.88,0.0,2.112,0.15786069808536893,0.05733333333333333,0.015347819244295118,0.9613333333333334,0.007302967433402231,0.8253333333333334,0.00869226987360355,0.9013333333333333,0.002981423969999689,2.1693333333333333,0.0443721634461167,0.7,0.0,0.7,0.0,1.0,0.0,1.0,0.0
ragroute_online,gaming,3,No Defense,50,0.7,4,151,200,5,0.024,0.026076809620810593,0.992,0.010954451150103333,0.88,0.014142135623730963,1.0,0.0,2.112,0.08318653737234176,0.049,0.015572411502397436,0.969,0.007416198487095669,0.839,0.006519202405202654,0.926,0.0022360679774997916,2.155,0.052915026221291794,0.7,0.0,0.7,0.0,1.0,0.0,1.0,0.0
ragroute_online,gaming,3,No Defense,50,0.7,5,201,250,5,0.032,0.022803508501982758,0.948,0.036331804249169895,0.8119999999999999,0.01095445115010327,0.904,0.016733200530681527,2.184,0.12759310326189258,0.0456,0.016637307474468337,0.9648,0.012457929201917961,0.8336,0.00669328021227261,0.9216000000000001,0.004560701700396556,2.1608,0.06383729317569792,0.7,0.0,0.7,0.0,1.0,0.0,1.0,0.0
ragroute_online,gaming,3,No Defense,50,0.7,6,251,300,5,0.068,0.02280350850198276,0.98,0.024494897427831803,0.804,0.026076809620810562,0.916,0.008944271909999166,2.064,0.05176871642217919,0.04933333333333333,0.013207741837439299,0.9673333333333334,0.01233783701554781,0.8286666666666667,0.006912147117775882,0.9206666666666666,0.004944132324730433,2.1446666666666667,0.059656423701801777,0.7,0.0,0.7,0.0,1.0,0.0,1.0,0.0
ragroute_online,gaming,3,No Defense,50,0.7,7,301,350,5,0.036000000000000004,0.029664793948382652,0.9359999999999999,0.016733200530681475,0.76,0.028284271247461926,0.848,0.010954451150103333,2.292,0.11189280584559481,0.04742857142857143,0.014928400545843578,0.9628571428571429,0.012936264483053435,0.8188571428571428,0.00916960373478925,0.9102857142857143,0.004780914437337585,2.1657142857142855,0.06663945022680343,0.7,0.0,0.7,0.0,1.0,0.0,1.0,0.0
ragroute_online,gaming,3,No Defense,50,0.7,8,351,400,5,0.024,0.00894427190999916,0.944,0.021908902300206635,0.788,0.017888543819998284,0.908,0.010954451150103333,2.312,0.07949842765740707,0.0445,0.012424773639789178,0.9605,0.01109617051058609,0.815,0.009842509842514738,0.91,0.0030618621784789524,2.184,0.06068875513635133,0.7,0.0,0.7,0.0,1.0,0.0,1.0,0.0
ragroute_online,gaming,3,No Defense,50,0.7,9,401,450,5,0.032,0.022803508501982758,0.976,0.008944271909999166,0.884,0.008944271909999166,0.952,0.010954451150103333,2.144,0.053665631459995,0.043111111111111114,0.013480667456091645,0.9622222222222222,0.009558139185602922,0.8226666666666667,0.008805161224959538,0.9146666666666666,0.0037184890068181374,2.1795555555555555,0.059595343259952735,0.7,0.0,0.7,0.0,1.0,0.0,1.0,0.0
ragroute_online,gaming,3,No Defense,50,0.7,10,451,500,5,0.04,0.02,0.98,0.024494897427831803,0.776,0.029664793948382638,0.928,0.033466401061363,2.152,0.09011104260855042,0.0428,0.012049896265113656,0.964,0.01019803902718558,0.818,0.009999999999999964,0.916,0.00489897948556636,2.1768,0.06083748844257136,0.7,0.0,0.7,0.0,1.0,0.0,1.0,0.0
ragroute_online,gaming,3,Rel,50,0.7,1,1,50,5,0.068,0.041472882706655445,0.972,0.010954451150103333,0.876,0.05366563145999495,0.964,0.016733200530681527,2.028,0.07155417527999333,0.068,0.041472882706655445,0.972,0.010954451150103333,0.876,0.05366563145999495,0.964,0.016733200530681527,2.028,0.07155417527999333,0.8762445350721031,0.0036137613448106,0.9398147208969543,0.001685574028294521,1.0,0.0,1.0,0.0
ragroute_online,gaming,3,Rel,50,0.7,2,51,100,5,0.0,0.0,0.896,0.016733200530681527,0.884,0.021908902300206666,0.9319999999999999,0.01095445115010327,2.56,0.020000000000000018,0.034,0.020736441353327723,0.9339999999999999,0.013416407864998692,0.88,0.030000000000000027,0.948,0.008366600265340763,2.294,0.04037325847637268,0.2521900957186879,0.009984478053486755,0.987514306259585,0.0005594202115210325,0.2665430217401285,0.010429413070096481,1.0,0.0
ragroute_online,gaming,3,Rel,50,0.7,3,101,150,5,0.0,0.0,0.636,0.03577708763999662,0.884,0.008944271909999166,0.96,0.020000000000000018,3.532,0.2198181066245453,0.02266666666666667,0.013824294235551815,0.8346666666666667,0.009888264649460899,0.8813333333333333,0.020763215336529917,0.952,0.009888264649460906,2.7066666666666666,0.061463629715285815,0.09019657586367204,0.0054393307119344775,0.9320424968787379,0.036562710623962526,0.0928459810986536,0.005852000169999984,0.9344,0.03667151483099653
ragroute_online,gaming,3,Rel,50,0.7,4,151,200,5,0.0,0.0,0.488,0.06418722614352483,1.0,0.0,1.0,0.0,3.812,0.1331164903383498,0.017,0.010368220676663861,0.748,0.021095023109729005,0.911,0.01557241150239745,0.964,0.007416198487095669,2.983,0.07669745758498127,0.04360647078870285,0.005409152618768664,0.9546321623689196,2.7423146795200105e-05,0.04445104183340599,0.005604978615007296,0.9550872000000001,0.0
ragroute_online,gaming,3,Rel,50,0.7,5,201,250,5,0.0,0.0,0.4,0.034641016151377525,0.924,0.008944271909999116,0.98,0.0,4.648,0.17922053453775894,0.013600000000000001,0.008294576541331089,0.6784,0.020119642143934836,0.9136000000000001,0.012837445228704981,0.9672,0.005932958789676535,3.316,0.09108238029388548,0.024765808831678036,0.0041264980669047675,0.9999069627992125,5.606949052884735e-06,0.025131926370585044,0.004213812610211679,1.0,0.0
ragroute_online,gaming,3,Rel,50,0.7,6,251,300,5,0.0,0.0,0.452,0.07014271166700074,0.968,0.010954451150103333,1.0,0.0,5.1000000000000005,0.12489995996796793,0.011333333333333334,0.0069121471177759075,0.6406666666666666,0.028225284173355406,0.9226666666666666,0.01187901978747032,0.9726666666666667,0.00494413232473044,3.6133333333333333,0.09119576013536304,0.013319589391415797,0.001505026128982051,0.9999824275426149,1.059015882399145e-06,0.013457034850987608,0.001540535220737951,1.0,0.0
ragroute_online,gaming,3,Rel,50,0.7,7,301,350,5,0.0,0.0,0.32,0.031622776601683784,0.924,0.02966479394838263,0.984,0.008944271909999166,5.9319999999999995,0.2865658737533134,0.009714285714285715,0.005924697529522206,0.5948571428571429,0.028168588671694268,0.9228571428571428,0.012777531299998809,0.9742857142857143,0.004040610178208852,3.944571428571429,0.11340014037352293,0.01008729218342279,0.0001554888859780376,0.955083944357665,1.9811194585058448e-07,0.010169031711761794,0.00013629331123912112,0.9550872000000001,0.0
ragroute_online,gaming,3,Rel,50,0.7,8,351,400,5,0.0,0.0,0.17200000000000001,0.02683281572999748,0.94,0.0,0.992,0.010954451150103333,6.808,0.2296083622170584,0.0085,0.005184110338331931,0.542,0.02630351687512526,0.925,0.01118033988749894,0.9765,0.0045414755311462655,4.3025,0.11540688887583822,0.01004469805126769,9.14511846320398e-05,0.994953542681166,0.006909286490474245,0.010116247046029182,7.85773860409412e-05,0.9949541920783014,0.006909257048881487
ragroute_online,gaming,3,Rel,50,0.7,9,401,450,5,0.0,0.0,0.372,0.052153619241621194,1.0,0.0,1.0,0.0,5.576,0.2597691282658507,0.007555555555555556,0.004608098078517271,0.5231111111111111,0.028614077516124218,0.9333333333333333,0.009938079899999043,0.9791111111111112,0.004036867138796642,4.444,0.12868182601159733,0.01007942081460437,4.1669511595591096e-05,0.9999998766867934,8.994537005872676e-09,0.010134405333333334,4.8574745701856675e-05,1.0,0.0
ragroute_online,gaming,3,Rel,50,0.7,10,451,500,5,0.0,0.0,0.36,0.04690415759823429,0.992,0.010954451150103333,1.0,0.0,4.784,0.17401149387324988,0.0068000000000000005,0.0041472882706655445,0.5068,0.030384206423732737,0.9392,0.009230384607371413,0.9812,0.0036331804249169933,4.478,0.1324764129949178,0.01007942591239099,9.02016548940629e-05,0.9999999767091438,1.6988486091127133e-09,0.010121888106666666,9.039575420542716e-05,1.0,0.0
ragroute_online,gis,1,Full TASR,50,0.7,1,1,50,5,0.108,0.08899438184514795,0.9,0.054772255750516606,0.772,0.05932958789676528,0.896,0.008944271909999166,2.2840000000000003,0.2578371579117331,0.108,0.08899438184514795,0.9,0.054772255750516606,0.772,0.05932958789676528,0.896,0.008944271909999166,2.2840000000000003,0.2578371579117331,0.9328350952111217,0.006230257419326556,0.9326071706290792,0.001014685892732531,1.0,0.0,1.0,0.0
ragroute_online,gis,1,Full TASR,50,0.7,2,51,100,5,0.0,0.0,0.5760000000000001,0.03577708763999662,0.98,0.0,0.984,0.008944271909999166,3.804,0.08294576541331077,0.054,0.044497190922573975,0.738,0.016431676725154998,0.876,0.029664793948382676,0.94,0.0,3.044,0.11304866208850055,0.02173700515728937,0.004013358049197936,0.9821320907337459,0.005888498883944217,0.06412904713880827,0.011524180976995823,1.0,0.0
ragroute_online,gis,1,Full TASR,50,0.7,3,101,150,5,0.0,0.0,0.24,0.044721359549995794,0.94,0.0,0.96,0.0,6.504,0.30899838187278583,0.036000000000000004,0.029664793948382652,0.572,0.016599866130651657,0.8973333333333333,0.019776529298921763,0.9466666666666667,0.0,4.197333333333333,0.10312882989521201,0.005906617022881787,0.0005627710671466583,0.9055952090791457,0.04623169932599732,0.01910376792203296,0.001847729754643638,1.0,0.0
ragroute_online,gis,1,Full TASR,50,0.7,4,151,200,5,0.0,0.0,0.18,0.028284271247461894,0.952,0.010954451150103333,0.976,0.008944271909999166,7.64,0.19339079605813708,0.027,0.022248595461286987,0.474,0.018841443681416766,0.911,0.014747881203752639,0.954,0.0022360679774997916,5.058,0.1137211501876412,0.003143062006953862,0.0002351239122606197,0.8650617764311798,0.036353144090983655,0.010349337964867153,0.0007811434365643876,1.0,0.0
ragroute_online,gis,1,Full TASR,50,0.7,5,201,250,5,0.0,0.0,0.1,0.034641016151377546,0.916,0.008944271909999166,0.96,0.0,8.476,0.3958282455813383,0.0216,0.01779887636902959,0.3992,0.01905780679931455,0.912,0.012328828005937964,0.9551999999999999,0.0017888543819998333,5.7416,0.13964526486780743,0.0030376800941537127,4.916338163585244e-06,0.8178892386043801,0.13074107523677866,0.01,0.0,1.0,0.0
ragroute_online,gis,1,Full TASR,50,0.7,6,251,300,5,0.0,0.0,0.248,0.03346640106136303,0.928,0.01095445115010327,0.988,0.010954451150103333,7.38,0.2720294101747089,0.018000000000000002,0.014832396974191326,0.374,0.020193508307814603,0.9146666666666666,0.009603240193925297,0.9606666666666667,0.0027888667551136097,6.014666666666667,0.15601994174534933,0.003061165452822455,3.0589721793997294e-05,0.8464098896601876,0.0939494070307601,0.01004,8.944271909999182e-05,1.0,0.0
ragroute_online,gis,1,Full TASR,50,0.7,7,301,350,5,0.0,0.0,0.29200000000000004,0.03898717737923584,1.0,0.0,1.0,0.0,6.9479999999999995,0.1664932431061392,0.015428571428571429,0.012713483120735423,0.36228571428571427,0.022533421889291826,0.9268571428571428,0.00823134873765024,0.9662857142857143,0.0023904572186687627,6.148,0.15152826906729502,0.0030690543553451,3.0266606771785534e-05,0.7550656465422255,0.05453348637169581,0.01004,8.944271909999182e-05,1.0,0.0
ragroute_online,gis,1,Full TASR,50,0.7,8,351,400,5,0.0,0.0,0.372,0.04604345773288534,0.98,0.0,1.0,0.0,6.152,0.13754999091239525,0.0135,0.011124297730643494,0.3635,0.02133072900770156,0.9335,0.00720243014544396,0.9705,0.0020916500663351973,6.1485,0.14922298750527674,0.0030629705277213015,1.7245703759982861e-06,0.8535978946862638,0.06301252491411678,0.01,0.0,1.0,0.0
ragroute_online,gis,1,Full TASR,50,0.7,9,401,450,5,0.0,0.0,0.252,0.0521536192416212,0.96,0.0,0.996,0.008944271909999166,5.804,0.1228006514640701,0.012,0.009888264649460883,0.3511111111111111,0.024695678634325403,0.9364444444444444,0.0064021601292835175,0.9733333333333334,0.0027216552697590587,6.110222222222222,0.1385070306188975,0.00306561467718068,1.2814177566629422e-06,0.9372315401745377,0.050472209817669846,0.01,0.0,1.0,0.0
ragroute_online,gis,1,Full TASR,50,0.7,10,451,500,5,0.0,0.0,0.456,0.03286335345030997,1.0,0.0,1.0,0.0,5.76,0.13928388277184126,0.0108,0.008899438184514795,0.3616,0.024223955085823642,0.9428,0.005761944116355146,0.976,0.00244948974278318,6.0752,0.12800468741417245,0.003068258037416076,1.228380286827087e-06,0.9793984067999889,0.018245460010447016,0.01,0.0,1.0,0.0
ragroute_online,gis,1,No Defense,50,0.7,1,1,50,5,0.036,0.021908902300206645,0.872,0.05932958789676529,0.756,0.021908902300206666,0.896,0.008944271909999166,2.512,0.16528762809115524,0.036,0.021908902300206645,0.872,0.05932958789676529,0.756,0.021908902300206666,0.896,0.008944271909999166,2.512,0.16528762809115524,0.7,0.0,0.7,0.0,1.0,0.0,1.0,0.0
ragroute_online,gis,1,No Defense,50,0.7,2,51,100,5,0.024,0.026076809620810593,0.94,0.04242640687119283,0.908,0.017888543819998333,0.98,0.0,2.272,0.12853015210447694,0.030000000000000002,0.02,0.906,0.048785243670601865,0.832,0.017888543819998298,0.938,0.004472135954999534,2.392,0.14481022063376608,0.7,0.0,0.7,0.0,1.0,0.0,1.0,0.0
ragroute_online,gis,1,No Defense,50,0.7,3,101,150,5,0.02,0.01414213562373095,0.916,0.016733200530681485,0.84,0.0,0.92,0.0,2.404,0.12198360545581537,0.02666666666666667,0.01563471919941143,0.9093333333333333,0.03729760194853163,0.8346666666666667,0.0119256958799989,0.932,0.002981423969999739,2.396,0.13346660006658348,0.7,0.0,0.7,0.0,1.0,0.0,1.0,0.0
ragroute_online,gis,1,No Defense,50,0.7,4,151,200,5,0.004,0.00894427190999916,0.9,0.05656854249492379,0.86,0.0,0.916,0.021908902300206604,2.46,0.17492855684535916,0.021,0.012449899597988732,0.907,0.038987177379235835,0.841,0.008944271909999166,0.928,0.004472135954999583,2.412,0.13886144173239734,0.7,0.0,0.7,0.0,1.0,0.0,1.0,0.0
ragroute_online,gis,1,No Defense,50,0.7,5,201,250,5,0.02,0.02449489742783178,0.9159999999999999,0.0726636084983398,0.74,0.0,0.8160000000000001,0.021908902300206604,2.424,0.1996997746618658,0.0208,0.0117983049630021,0.9087999999999999,0.04511319097558938,0.8208,0.0071554175279992995,0.9056000000000001,0.007797435475847178,2.4144,0.15034892749866904,0.7,0.0,0.7,0.0,1.0,0.0,1.0,0.0
ragroute_online,gis,1,No Defense,50,0.7,6,251,300,5,0.012,0.010954451150103323,0.876,0.05549774770204645,0.792,0.010954451150103333,0.868,0.010954451150103333,2.512,0.19421637418096346,0.019333333333333334,0.011155467020454342,0.9033333333333333,0.046726152562920585,0.816,0.0064117946872237885,0.8993333333333333,0.007226494462892957,2.4306666666666668,0.15615875113343974,0.7,0.0,0.7,0.0,1.0,0.0,1.0,0.0
ragroute_online,gis,1,No Defense,50,0.7,7,301,350,5,0.028,0.038987177379235856,0.928,0.057619441163551735,0.904,0.021908902300206666,0.948,0.010954451150103333,2.308,0.2632869157402244,0.02057142857142857,0.012681337726384084,0.9068571428571428,0.04719045216471447,0.8285714285714286,0.008329931278350433,0.9062857142857143,0.007666518779999286,2.4131428571428573,0.1685786923374484,0.7,0.0,0.7,0.0,1.0,0.0,1.0,0.0
ragroute_online,gis,1,No Defense,50,0.7,8,351,400,5,0.024,0.016733200530681513,0.9,0.03741657386773939,0.82,0.014142135623730925,0.972,0.010954451150103333,2.392,0.21844907873461028,0.021,0.010982941318244399,0.906,0.04574385204593072,0.8275,0.007288689868556613,0.9145,0.007786205751198754,2.4105000000000003,0.17067329902477432,0.7,0.0,0.7,0.0,1.0,0.0,1.0,0.0
ragroute_online,gis,1,No Defense,50,0.7,9,401,450,5,0.008,0.010954451150103323,0.884,0.0433589667773576,0.868,0.017888543819998333,0.96,0.0,2.46,0.1503329637837292,0.019555555555555555,0.010703639625593151,0.9035555555555556,0.045149955908267723,0.832,0.007793634629666761,0.9195555555555556,0.006921071778843293,2.416,0.16754140818552918,0.7,0.0,0.7,0.0,1.0,0.0,1.0,0.0
ragroute_online,gis,1,No Defense,50,0.7,10,451,500,5,0.0,0.0,0.9239999999999999,0.06066300355241241,0.9,0.0,0.944,0.008944271909999166,2.352,0.20278066969018524,0.017599999999999998,0.009633275663033836,0.9056,0.0452857593510366,0.8388,0.007014271166700079,0.922,0.006928203230275515,2.4096,0.1682700210970451,0.7,0.0,0.7,0.0,1.0,0.0,1.0,0.0
ragroute_online,gis,1,Rel,50,0.7,1,1,50,5,0.108,0.08899438184514795,0.9,0.054772255750516606,0.772,0.05932958789676528,0.896,0.008944271909999166,2.2840000000000003,0.2578371579117331,0.108,0.08899438184514795,0.9,0.054772255750516606,0.772,0.05932958789676528,0.896,0.008944271909999166,2.2840000000000003,0.2578371579117331,0.9328350952111217,0.006230257419326556,0.9326071706290792,0.001014685892732531,1.0,0.0,1.0,0.0
ragroute_online,gis,1,Rel,50,0.7,2,51,100,5,0.0,0.0,0.656,0.03577708763999662,0.98,0.0,0.98,0.0,3.416,0.058991524815010556,0.054,0.044497190922573975,0.778,0.016431676725154998,0.876,0.029664793948382676,0.938,0.004472135954999534,2.85,0.11704699910719628,0.04559353142920449,0.009137369891057257,0.9868396925278453,0.0001981453881765246,0.04664734131689777,0.009386477634929499,1.0,0.0
ragroute_online,gis,1,Rel,50,0.7,3,101,150,5,0.0,0.0,0.272,0.05403702434442518,0.924,0.008944271909999116,0.96,0.0,5.952,0.29886451780029,0.036000000000000004,0.029664793948382652,0.6093333333333333,0.01801234144814172,0.892,0.02076321533652991,0.9453333333333334,0.002981423969999739,3.884,0.07566005844859268,0.01153679755995436,0.0012926404660567972,0.9973429797456329,4.0004863929544737e-05,0.01170163033252597,0.0013084639581695538,1.0,0.0
ragroute_online,gis,1,Rel,50,0.7,4,151,200,5,0.0,0.0,0.252,0.0303315017762062,0.948,0.010954451150103333,0.972,0.010954451150103333,6.724,0.04560701700396556,0.027,0.022248595461286987,0.52,0.020000000000000018,0.906,0.013874436925511621,0.952,0.0027386127875258333,4.594,0.052249401910452346,0.009908356045110128,9.922840186155713e-06,0.9994741562483009,9.567771025846335e-06,0.01,0.0,1.0,0.0
ragroute_online,gis,1,Rel,50,0.7,5,201,250,5,0.0,0.0,0.168,0.022803508501982758,0.92,0.0,0.94,0.014142135623730925,7.016,0.33627369804966917,0.0216,0.01779887636902959,0.4496,0.020513410247932934,0.9088,0.011099549540409297,0.9496,0.0035777087639996667,5.0784,0.09128417168381368,0.009930482385177911,9.93540128115272e-06,0.9998909161065985,4.164641871357514e-06,0.01,0.0,1.0,0.0
ragroute_online,gis,1,Rel,50,0.7,6,251,300,5,0.0,0.0,0.30000000000000004,0.028284271247461894,0.9,0.0,0.98,0.0,6.176,0.28996551519103086,0.018000000000000002,0.014832396974191326,0.4246666666666667,0.02062899792902106,0.9073333333333333,0.00924962461700774,0.9546666666666667,0.0029814239699997324,5.261333333333333,0.12139467313958491,0.009957623301132826,7.531127443695489e-06,0.9999786983631519,8.132611146813805e-07,0.01,0.0,1.0,0.0
ragroute_online,gis,1,Rel,50,0.7,7,301,350,5,0.0,0.0,0.368,0.04147288270665544,0.98,0.0,1.0,0.0,5.748,0.18198901065723727,0.015428571428571429,0.012713483120735423,0.4165714285714286,0.023158724719039372,0.9177142857142857,0.007928249671720925,0.9611428571428572,0.002555506259999747,5.330857142857143,0.12741383643186383,0.010017429259083553,9.355242856520534e-05,0.9999959766404989,1.5360518329148167e-07,0.01004,8.944271909999182e-05,1.0,0.0
ragroute_online,gis,1,Rel,50,0.7,8,351,400,5,0.0,0.0,0.448,0.017888543819998333,0.98,0.0,1.0,0.0,5.256,0.08049844718999237,0.0135,0.011124297730643494,0.4205,0.021316073747292212,0.9255,0.006937218462755798,0.966,0.002236067977499798,5.3214999999999995,0.12131570384744098,0.009989310450881257,2.397072181738653e-06,0.9999992400855489,2.9012271575733058e-08,0.01,0.0,1.0,0.0
ragroute_online,gis,1,Rel,50,0.7,9,401,450,5,0.0,0.0,0.328,0.0593295878967653,0.96,0.0,0.972,0.010954451150103333,5.172,0.11541230437002833,0.012,0.009888264649460883,0.4102222222222222,0.0251219249085557,0.9293333333333333,0.00616641641133849,0.9666666666666667,0.0015713484026367824,5.304888888888889,0.11547433042739114,0.009994153542924978,1.7309318843182795e-06,0.99999984962162,5.413745961962337e-09,0.01,0.0,1.0,0.0
ragroute_online,gis,1,Rel,50,0.7,10,451,500,5,0.0,0.0,0.488,0.022803508501982764,1.0,0.0,1.0,0.0,5.236,0.1178134118001854,0.0108,0.008899438184514795,0.418,0.02387467277262665,0.9364,0.005549774770204594,0.97,0.0014142135623730963,5.298,0.10397114984456009,0.009997407867476299,7.943032800339437e-07,0.9999999715971928,1.0225245423875556e-09,0.01,0.0,1.0,0.0
ragroute_online,gis,3,Full TASR,50,0.7,1,1,50,5,0.228,0.07694153624668539,0.992,0.010954451150103333,0.716,0.04335896677735758,0.892,0.010954451150103333,1.832,0.12537942414925984,0.228,0.07694153624668539,0.992,0.010954451150103333,0.716,0.04335896677735758,0.892,0.010954451150103333,1.832,0.12537942414925984,0.8808743822508374,0.008425628465391284,0.9321533893026871,0.0012427313431975634,1.0,0.0,1.0,0.0
ragroute_online,gis,3,Full TASR,50,0.7,2,51,100,5,0.008,0.010954451150103323,0.824,0.07797435475847168,0.976,0.008944271909999166,0.98,0.0,2.604,0.25075884829851963,0.118,0.035637059362410926,0.908,0.04207136793592525,0.846,0.019493588689617945,0.9359999999999999,0.005477225575051605,2.218,0.14463747785411632,0.158635420336825,0.058916486040136405,0.9578318699975159,0.030886109546238747,0.305416835553258,0.06809438429438373,1.0,0.0
ragroute_online,gis,3,Full TASR,50,0.7,3,101,150,5,0.0,0.0,0.632,0.14184498581197713,0.92,0.014142135623730925,0.96,0.0,3.6919999999999997,0.5104115986142947,0.07866666666666666,0.023758039574940618,0.8160000000000001,0.0752182011070311,0.8706666666666667,0.010110500592068741,0.944,0.003651483716701131,2.7093333333333334,0.26155942600742443,0.04646636747445839,0.009888997554419436,0.9369773843415309,0.06566424949463362,0.12428622864292253,0.02468806060389217,1.0,0.0
ragroute_online,gis,3,Full TASR,50,0.7,4,151,200,5,0.0,0.0,0.512,0.14463747785411638,0.952,0.010954451150103333,0.968,0.010954451150103333,4.34,0.7222188034107114,0.059,0.017818529681205463,0.74,0.09253377761660873,0.891,0.006519202405202654,0.95,0.0050000000000000044,3.117,0.37607512547362115,0.02415072707717384,0.014928900491903369,0.9761649517504186,0.007198692095177414,0.06972858441995856,0.03837418492490561,1.0,0.0
ragroute_online,gis,3,Full TASR,50,0.7,5,201,250,5,0.0,0.0,0.364,0.1687601848778319,0.912,0.010954451150103333,0.952,0.010954451150103333,4.868,0.9849466990654875,0.0472,0.01425482374496437,0.6648,0.10656078077792035,0.8952,0.005932958789676535,0.9503999999999999,0.006066300355241246,3.4672,0.496792914603258,0.013961225341042783,0.007031001727675949,0.8784345213014335,0.06955999434257816,0.04333936311825872,0.02137009018474079,1.0,0.0
ragroute_online,gis,3,Full TASR,50,0.7,6,251,300,5,0.0,0.0,0.448,0.13160547101089684,0.912,0.010954451150103333,0.988,0.010954451150103333,4.92,0.8419026071939677,0.03933333333333333,0.011879019787470309,0.6286666666666667,0.11041839621286946,0.898,0.005577733510227167,0.9566666666666667,0.004714045207910308,3.7093333333333334,0.552782858714784,0.007801086214674952,0.004800957503706485,0.9036159216973851,0.04130882174981897,0.025375096891455277,0.015928711322084368,1.0,0.0
ragroute_online,gis,3,Full TASR,50,0.7,7,301,350,5,0.0,0.0,0.452,0.11099549540409287,0.992,0.010954451150103333,1.0,0.0,5.348,1.0901926435268217,0.03371428571428572,0.010182016960688834,0.6034285714285714,0.11020204079742973,0.9114285714285715,0.004948716593053946,0.9628571428571429,0.004040610178208852,3.9434285714285715,0.6289979072675352,0.004891630374297704,0.0036892325855239884,0.7951529348952306,0.0702206658637746,0.015965014378595332,0.01199708665607426,0.98,0.04472135954999579
ragroute_online,gis,3,Full TASR,50,0.7,8,351,400,5,0.0,0.0,0.416,0.14170391667134682,0.98,0.0,1.0,0.0,5.408,0.8802954049635839,0.0295,0.008909264840602732,0.58,0.11330269193624659,0.92,0.004330127018922197,0.9675,0.003535533905932721,4.1265,0.659788318326416,0.004149477138723563,0.0024663171843977505,0.8637355547750242,0.07492469489369073,0.013628766710374107,0.008001814707554884,0.998734544576,0.0028296443505597827
ragroute_online,gis,3,Full TASR,50,0.7,9,401,450,5,0.0,0.0,0.38,0.14352700094407325,0.96,0.0,0.988,0.010954451150103333,5.028,0.7417007482805987,0.026222222222222223,0.007919346524980204,0.5577777777777778,0.11632224291824357,0.9244444444444445,0.003849001794597482,0.9697777777777778,0.003370166864022933,4.226666666666667,0.6682573615266562,0.003385414593357087,0.0007455995241335872,0.9297711309215777,0.04972466778935808,0.01116464013442711,0.0023803030457023324,0.987272,0.028460673217617288
ragroute_online,gis,3,Full TASR,50,0.7,10,451,500,5,0.0,0.0,0.46399999999999997,0.07536577472566706,1.0,0.0,1.0,0.0,5.212,0.5375127905454902,0.0236,0.007127411872482185,0.5484,0.11178014134898918,0.932,0.0034641016151377097,0.9728,0.003033150177620623,4.3252,0.6545419772634908,0.0034440348905023363,0.0008767279402127537,0.9642268061426941,0.04688580767638368,0.011308065958817117,0.002812928763846694,1.0,0.0
ragroute_online,gis,3,No Defense,50,0.7,1,1,50,5,0.112,0.052153619241621194,0.98,0.020000000000000018,0.74,0.020000000000000018,0.868,0.017888543819998333,2.04,0.12083045973594583,0.112,0.052153619241621194,0.98,0.020000000000000018,0.74,0.020000000000000018,0.868,0.017888543819998333,2.04,0.12083045973594583,0.7,0.0,0.7,0.0,1.0,0.0,1.0,0.0
ragroute_online,gis,3,No Defense,50,0.7,2,51,100,5,0.052,0.01788854381999832,0.98,0.014142135623730963,0.9,0.020000000000000018,0.98,0.0,2.076,0.029664793948382676,0.082,0.02683281572999748,0.98,0.01581138830084191,0.82,0.018708286933869663,0.924,0.008944271909999116,2.058,0.07224956747275388,0.7,0.0,0.7,0.0,1.0,0.0,1.0,0.0
ragroute_online,gis,3,No Defense,50,0.7,3,101,150,5,0.052000000000000005,0.041472882706655445,0.956,0.021908902300206617,0.832,0.010954451150103333,0.904,0.016733200530681527,2.12,0.10770329614269003,0.07200000000000001,0.02958978802822953,0.972,0.015202339001321851,0.824,0.01115546702045432,0.9173333333333333,0.010110500592068755,2.0786666666666664,0.08047083667736742,0.7,0.0,0.7,0.0,1.0,0.0,1.0,0.0
ragroute_online,gis,3,No Defense,50,0.7,4,151,200,5,0.028,0.01788854381999832,0.968,0.017888543819998333,0.852,0.010954451150103333,0.888,0.010954451150103333,2.168,0.09121403400793093,0.061,0.02534758371127315,0.971,0.01557241150239745,0.831,0.008215838362577499,0.91,0.009354143466934863,2.101,0.08287038071591082,0.7,0.0,0.7,0.0,1.0,0.0,1.0,0.0
ragroute_online,gis,3,No Defense,50,0.7,5,201,250,5,0.07200000000000001,0.057619441163551735,0.98,0.034641016151377525,0.74,0.0,0.804,0.008944271909999116,2.084,0.12280065146406996,0.0632,0.02876108481959608,0.9728,0.017753872816937733,0.8128000000000001,0.006572670690061952,0.8888,0.007155417527999333,2.0976,0.0891560429808323,0.7,0.0,0.7,0.0,1.0,0.0,1.0,0.0
ragroute_online,gis,3,No Defense,50,0.7,6,251,300,5,0.048,0.030331501776206204,0.964,0.026076809620810618,0.788,0.010954451150103333,0.852,0.010954451150103333,2.148,0.07949842765740724,0.06066666666666667,0.025538641745837275,0.9713333333333333,0.017888543819998277,0.8086666666666666,0.0069121471177758876,0.8826666666666667,0.0064117946872237624,2.106,0.08351313935210705,0.7,0.0,0.7,0.0,1.0,0.0,1.0,0.0
ragroute_online,gis,3,No Defense,50,0.7,7,301,350,5,0.06,0.0282842712474619,0.996,0.008944271909999166,0.896,0.021908902300206666,0.9319999999999999,0.01095445115010327,2.016,0.06542170893518456,0.06057142857142857,0.025185029566901728,0.9748571428571429,0.016462697475300506,0.8211428571428572,0.007719574906346461,0.8897142857142857,0.006259686371487612,2.093142857142857,0.08047309095186372,0.7,0.0,0.7,0.0,1.0,0.0,1.0,0.0
ragroute_online,gis,3,No Defense,50,0.7,8,351,400,5,0.044,0.008944271909999158,0.964,0.029664793948382638,0.82,0.014142135623730925,0.952,0.010954451150103333,2.128,0.04381780460041333,0.0585,0.021257351669481315,0.9735,0.017730623226497173,0.821,0.0054772255750516665,0.8975,0.006373774391990965,2.0974999999999997,0.07543623134807306,0.7,0.0,0.7,0.0,1.0,0.0,1.0,0.0
ragroute_online,gis,3,No Defense,50,0.7,9,401,450,5,0.04,0.02,0.944,0.008944271909999166,0.856,0.026076809620810618,0.956,0.008944271909999166,2.176,0.04560701700396556,0.05644444444444444,0.01928346057770368,0.9702222222222222,0.0162237442208391,0.8248888888888889,0.0061664164113385,0.904,0.006363476028122824,2.106222222222222,0.07036764127261619,0.7,0.0,0.7,0.0,1.0,0.0,1.0,0.0
ragroute_online,gis,3,No Defense,50,0.7,10,451,500,5,0.032,0.01788854381999832,0.984,0.016733200530681527,0.896,0.008944271909999166,0.9359999999999999,0.008944271909999116,2.092,0.07823042886243185,0.054,0.01870828693386971,0.9716,0.016087262041752176,0.832,0.0058309518948453055,0.9072,0.005761944116355179,2.1048,0.07037897413290434,0.7,0.0,0.7,0.0,1.0,0.0,1.0,0.0
ragroute_online,gis,3,Rel,50,0.7,1,1,50,5,0.228,0.07694153624668539,0.992,0.010954451150103333,0.716,0.04335896677735758,0.892,0.010954451150103333,1.832,0.12537942414925984,0.228,0.07694153624668539,0.992,0.010954451150103333,0.716,0.04335896677735758,0.892,0.010954451150103333,1.832,0.12537942414925984,0.8808743822508374,0.008425628465391284,0.9321533893026871,0.0012427313431975634,1.0,0.0,1.0,0.0
ragroute_online,gis,3,Rel,50,0.7,2,51,100,5,0.008,0.010954451150103323,0.888,0.05761944116355174,0.976,0.008944271909999166,0.98,0.0,2.436,0.1946278500112458,0.118,0.035637059362410926,0.9400000000000001,0.03162277660168377,0.846,0.019493588689617945,0.9359999999999999,0.005477225575051605,2.134,0.12992305415129368,0.26621241040584936,0.06601104105653932,0.9867510792163672,0.00024267754795909412,0.2821719163337172,0.07156387058623476,1.0,0.0
ragroute_online,gis,3,Rel,50,0.7,3,101,150,5,0.0,0.0,0.704,0.13520355024924455,0.924,0.008944271909999116,0.96,0.0,3.2239999999999998,0.5040634880647477,0.07866666666666666,0.023758039574940618,0.8613333333333333,0.06470445631227165,0.872,0.010954451150103333,0.944,0.003651483716701131,2.497333333333333,0.24987107786927965,0.11163973510749664,0.04489500898146112,0.9973250890265976,4.899575192842829e-05,0.11445274201579261,0.04524899045566493,1.0,0.0
ragroute_online,gis,3,Rel,50,0.7,4,151,200,5,0.0,0.0,0.584,0.1971801207018598,0.94,0.024494897427831758,0.968,0.010954451150103333,3.804,0.8229702303242811,0.059,0.017818529681205463,0.792,0.09769851585361979,0.889,0.011937336386313334,0.95,0.0050000000000000044,2.824,0.385395900341454,0.08542258588251442,0.0958017994578156,0.9994669321005456,1.7764818075974033e-05,0.08624368718429745,0.09596358109423543,1.0,0.0
ragroute_online,gis,3,Rel,50,0.7,5,201,250,5,0.004,0.00894427190999916,0.456,0.23723406163533936,0.876,0.03847076812334272,0.94,0.014142135623730925,4.176,1.0397499699446977,0.048,0.01414213562373095,0.7248,0.12430285596075415,0.8864,0.014310835055998667,0.948,0.006324555320336764,3.0944000000000003,0.5153918897305233,0.04434807133136737,0.04431374177515422,0.9998901868414599,4.153984540278241e-06,0.04465368527699054,0.04425804019047583,1.0,0.0
ragroute_online,gis,3,Rel,50,0.7,6,251,300,5,0.0,0.0,0.516,0.20464603587658375,0.904,0.008944271909999166,0.964,0.008944271909999166,4.46,1.1247221879201992,0.04,0.011785113019775794,0.6900000000000001,0.1376388188137505,0.8893333333333333,0.012995725793078576,0.9506666666666667,0.005962847939999434,3.322,0.6156234419044017,0.025438222413589746,0.02834879333135482,0.9999779715147796,9.826143984526962e-07,0.02555429375908601,0.028329460736669098,1.0,0.0
ragroute_online,gis,3,Rel,50,0.7,7,301,350,5,0.0,0.0,0.52,0.20639767440550294,0.984,0.008944271909999166,1.0,0.0,4.644,1.222489263756537,0.03428571428571429,0.010101525445522107,0.6657142857142857,0.14738537573175922,0.9028571428571429,0.01212183053462653,0.9577142857142857,0.005111012519999525,3.510857142857143,0.7019779634892321,0.015889975783530255,0.013068708403902972,0.9999958393565744,1.8559188685137925e-07,0.01595900859952513,0.013062415763486669,1.0,0.0
ragroute_online,gis,3,Rel,50,0.7,8,351,400,5,0.0,0.0,0.516,0.14791889669680477,0.98,0.0,1.0,0.0,4.5760000000000005,0.7980476176269182,0.03,0.008838834764831844,0.647,0.14689920013396943,0.9125,0.010606601717798222,0.963,0.004472135954999593,3.644,0.7134830937029973,0.01440453605155172,0.009883698690260932,0.9962028508597761,0.0034655869700469543,0.014453325330359222,0.009882829243242882,0.996203633728,0.003465592406210277
ragroute_online,gis,3,Rel,50,0.7,9,401,450,5,0.0,0.0,0.46399999999999997,0.14587666023048373,0.96,0.0,0.972,0.010954451150103333,4.352,0.6897245827139988,0.02666666666666667,0.007856742013183862,0.6266666666666667,0.1462705087445691,0.9177777777777778,0.009428090415820656,0.964,0.002897423291201196,3.7226666666666666,0.7105334459248049,0.011689241853147668,0.0036361865320567116,0.9872718465492305,0.028460669319381793,0.011727491377348569,0.0036384664469134723,0.987272,0.028460673217617288
ragroute_online,gis,3,Rel,50,0.7,10,451,500,5,0.0,0.0,0.54,0.07483314773547885,1.0,0.0,1.0,0.0,4.604,0.5221877057151001,0.024,0.007071067811865475,0.618,0.13891004283348268,0.926,0.008485281374238538,0.9676,0.0026076809620810618,3.8108,0.6911043336573719,0.011739496274989516,0.0038369425290819843,0.9999999706408277,8.222452109575947e-10,0.011767823138128455,0.003839934768136803,1.0,0.0
ragroute_online,physics,1,Full TASR,50,0.7,1,1,50,5,0.056,0.05366563145999496,0.984,0.016733200530681527,0.876,0.035777087639996666,0.984,0.008944271909999166,2.096,0.13145341380123998,0.056,0.05366563145999496,0.984,0.016733200530681527,0.876,0.035777087639996666,0.984,0.008944271909999166,2.096,0.13145341380123998,0.9421849663490691,0.001051949370965459,0.9418008487491817,0.0008589130647023694,1.0,0.0,1.0,0.0
ragroute_online,physics,1,Full TASR,50,0.7,2,51,100,5,0.012,0.010954451150103323,0.396,0.0817312669668102,0.896,0.016733200530681527,1.0,0.0,3.9,0.18110770276274832,0.034,0.030495901363953814,0.6900000000000001,0.03674234614174765,0.886,0.025099800796022288,0.992,0.004472135954999583,2.998,0.08899438184514799,0.05345073607952004,0.013127916969938841,0.9332296416305139,0.005241710732144392,0.1301167799635465,0.023456989802748043,1.0,0.0
ragroute_online,physics,1,Full TASR,50,0.7,3,101,150,5,0.0,0.0,0.13999999999999999,0.044721359549995794,0.884,0.008944271909999166,0.94,0.0,6.368,0.4090476744830604,0.02266666666666667,0.020330600909302544,0.5066666666666667,0.03858612300930076,0.8853333333333333,0.01849924923401547,0.9746666666666667,0.002981423969999689,4.121333333333333,0.1607205995232445,0.021158912343448133,0.004019199932605979,0.5700916056503181,0.017848233762621655,0.06017457574167773,0.01141690866760468,1.0,0.0
ragroute_online,physics,1,Full TASR,50,0.7,4,151,200,5,0.0,0.0,0.17600000000000002,0.02190890230020665,0.884,0.008944271909999166,0.98,0.0,6.908,0.31799371062962856,0.017,0.015247950681976907,0.424,0.031898275815473144,0.885,0.015411035007422455,0.976,0.0022360679774997916,4.8180000000000005,0.17626684316683042,0.007939311127451632,0.0013956857410685449,0.5131683438322372,0.021905351849769654,0.024560473481872284,0.0050003689619619,1.0,0.0
ragroute_online,physics,1,Full TASR,50,0.7,5,201,250,5,0.0,0.0,0.168,0.010954451150103317,0.96,0.0,0.98,0.0,7.456,0.24592681838303043,0.013600000000000001,0.012198360545581526,0.37279999999999996,0.026892378102354578,0.9,0.012328828005937964,0.9768,0.0017888543819998333,5.3456,0.18301038221915172,0.0036668388444992266,0.00030735862159502104,0.5212424613816798,0.06605637246520249,0.011628182159803562,0.0009422147126756898,1.0,0.0
ragroute_online,physics,1,Full TASR,50,0.7,6,251,300,5,0.0,0.0,0.128,0.033466401061363026,0.94,0.0,1.0,0.0,7.616,0.24511221919765672,0.011333333333333334,0.010165300454651272,0.33199999999999996,0.025991451586157236,0.9066666666666667,0.010274023338281648,0.9806666666666667,0.0014907119849998445,5.724,0.1847731341702875,0.0031285137436430333,0.00019799827213767729,0.5604960685597812,0.10378900533117166,0.01,0.0,1.0,0.0
ragroute_online,physics,1,Full TASR,50,0.7,7,301,350,5,0.0,0.0,0.136,0.04979959839195493,0.96,0.0,0.968,0.010954451150103333,7.336,0.22378561169118985,0.009714285714285713,0.008713114675415374,0.304,0.029318796645406396,0.9142857142857143,0.008806305718527125,0.9788571428571429,0.001564921592871922,5.954285714285715,0.1811189709352752,0.0031086957665601668,0.0001477890350950664,0.5783444069130265,0.13469120871279577,0.01004,8.944271909999182e-05,1.0,0.0
ragroute_online,physics,1,Full TASR,50,0.7,8,351,400,5,0.0,0.0,0.28,0.028284271247461894,1.0,0.0,1.0,0.0,5.796,0.1751570723664907,0.0085,0.0076239753409884535,0.301,0.028971969211636275,0.925,0.007705517503711218,0.9815,0.001369306393762947,5.9345,0.15922075869684837,0.0030829146705155137,6.737239299054273e-05,0.7553723518221602,0.1371526567689399,0.01,0.0,1.0,0.0
ragroute_online,physics,1,Full TASR,50,0.7,9,401,450,5,0.0,0.0,0.256,0.08876936408468859,0.98,0.0,0.984,0.008944271909999166,6.196,0.14170391667134707,0.007555555555555556,0.006776866969767514,0.296,0.0355347161151277,0.9311111111111111,0.006849348892187724,0.9817777777777777,0.0018592445034090687,5.963555555555556,0.15253091166168828,0.0030690128883487516,3.142874450767588e-05,0.7588064557518437,0.10863714607943373,0.01004,8.944271909999182e-05,1.0,0.0
ragroute_online,physics,1,Full TASR,50,0.7,10,451,500,5,0.0,0.0,0.32,0.0374165738677394,0.984,0.008944271909999166,1.0,0.0,5.856,0.13667479650615916,0.0068000000000000005,0.006099180272790763,0.2984,0.03513972111443116,0.9364,0.0063874877690684746,0.9836,0.0016733200530681526,5.9528,0.14524186724219723,0.0030860595692073435,5.141807283904916e-05,0.7396044801312162,0.11169118176996017,0.01004,8.944271909999182e-05,0.9836,0.03667151483099653
ragroute_online,physics,1,No Defense,50,0.7,1,1,50,5,0.012,0.01788854381999832,0.972,0.0268328157299975,0.836,0.008944271909999166,0.976,0.016733200530681527,2.2439999999999998,0.09939818911831327,0.012,0.01788854381999832,0.972,0.0268328157299975,0.836,0.008944271909999166,0.976,0.016733200530681527,2.2439999999999998,0.09939818911831327,0.7,0.0,0.7,0.0,1.0,0.0,1.0,0.0
ragroute_online,physics,1,No Defense,50,0.7,2,51,100,5,0.008,0.010954451150103323,0.932,0.036331804249169874,0.856,0.008944271909999166,0.976,0.026076809620810618,2.412,0.1527088733505686,0.01,0.007071067811865475,0.9520000000000001,0.03033150177620617,0.846,0.0054772255750516665,0.976,0.02073644135332774,2.328,0.1215318888193547,0.7,0.0,0.7,0.0,1.0,0.0,1.0,0.0
ragroute_online,physics,1,No Defense,50,0.7,3,101,150,5,0.016,0.016733200530681513,0.868,0.04147288270665548,0.732,0.010954451150103333,0.92,0.0,2.808,0.16769019053003661,0.012,0.00557773351022717,0.924,0.03353273690655813,0.8079999999999999,0.002981423969999739,0.9573333333333334,0.013824294235551848,2.488,0.1326984886458353,0.7,0.0,0.7,0.0,1.0,0.0,1.0,0.0
ragroute_online,physics,1,No Defense,50,0.7,4,151,200,5,0.02,0.034641016151377546,0.9,0.04898979485566355,0.8119999999999999,0.01095445115010327,0.944,0.016733200530681485,2.436,0.15773395322504283,0.014,0.010246950765959597,0.918,0.03684426685388105,0.809,0.004183300132670342,0.954,0.01431782106327633,2.475,0.13523128336298518,0.7,0.0,0.7,0.0,1.0,0.0,1.0,0.0
ragroute_online,physics,1,No Defense,50,0.7,5,201,250,5,0.016,0.021908902300206645,0.9400000000000001,0.028284271247461867,0.848,0.0268328157299975,0.956,0.008944271909999166,2.392,0.13535139452550904,0.0144,0.01186591757935306,0.9224,0.030802597293085494,0.8168,0.008197560612767626,0.9543999999999999,0.012198360545581535,2.4584,0.1340626719113118,0.7,0.0,0.7,0.0,1.0,0.0,1.0,0.0
ragroute_online,physics,1,No Defense,50,0.7,6,251,300,5,0.004,0.00894427190999916,0.908,0.017888543819998333,0.82,0.0,0.968,0.017888543819998333,2.46,0.10862780491200225,0.012666666666666666,0.01115546702045434,0.9199999999999999,0.02768874620972692,0.8173333333333334,0.006831300510639711,0.9566666666666667,0.012909944487358068,2.458666666666667,0.12540157716534334,0.7,0.0,0.7,0.0,1.0,0.0,1.0,0.0
ragroute_online,physics,1,No Defense,50,0.7,7,301,350,5,0.0,0.0,0.908,0.038987177379235835,0.82,0.0,0.924,0.008944271909999116,2.488,0.17753872816937732,0.010857142857142857,0.009561828874675148,0.9182857142857143,0.029179248986712685,0.8177142857142857,0.00585540043769121,0.952,0.011320921574947965,2.4628571428571426,0.13251107000348825,0.7,0.0,0.7,0.0,1.0,0.0,1.0,0.0
ragroute_online,physics,1,No Defense,50,0.7,8,351,400,5,0.008,0.010954451150103323,0.928,0.05215361924162118,0.856,0.008944271909999166,0.968,0.010954451150103333,2.36,0.12884098726725113,0.0105,0.009253377761660873,0.9195,0.031294967646572185,0.8225,0.005863019699779304,0.954,0.010982941318244423,2.45,0.13183796873435197,0.7,0.0,0.7,0.0,1.0,0.0,1.0,0.0
ragroute_online,physics,1,No Defense,50,0.7,9,401,450,5,0.02,0.02,0.9319999999999999,0.03033150177620617,0.864,0.021908902300206666,0.98,0.0,2.36,0.20199009876724155,0.011555555555555555,0.008663817195385747,0.9208888888888889,0.029797671629976423,0.8271111111111111,0.005752079602464386,0.9568888888888889,0.009762614505106137,2.44,0.13694190892401448,0.7,0.0,0.7,0.0,1.0,0.0,1.0,0.0
ragroute_online,physics,1,No Defense,50,0.7,10,451,500,5,0.008,0.010954451150103323,0.92,0.06,0.78,0.0,0.96,0.0,2.556,0.23340951137432261,0.0112,0.007949842765740716,0.9208,0.03257606483294135,0.8223999999999999,0.005176871642217918,0.9571999999999999,0.008786353054595526,2.4516,0.14629012270143196,0.7,0.0,0.7,0.0,1.0,0.0,1.0,0.0
ragroute_online,physics,1,Rel,50,0.7,1,1,50,5,0.056,0.05366563145999496,0.984,0.016733200530681527,0.876,0.035777087639996666,0.984,0.008944271909999166,2.096,0.13145341380123998,0.056,0.05366563145999496,0.984,0.016733200530681527,0.876,0.035777087639996666,0.984,0.008944271909999166,2.096,0.13145341380123998,0.9421849663490691,0.001051949370965459,0.9418008487491817,0.0008589130647023694,1.0,0.0,1.0,0.0
ragroute_online,physics,1,Rel,50,0.7,2,51,100,5,0.0,0.0,0.476,0.0817312669668102,0.92,0.0,1.0,0.0,3.624,0.16456001944579374,0.028,0.02683281572999748,0.73,0.036742346141747706,0.898,0.017888543819998333,0.992,0.004472135954999583,2.86,0.07106335201775947,0.08594656958934374,0.019461162577447875,0.9890076002228673,0.00016222772288072756,0.0881164963801651,0.01983577729340893,1.0,0.0
ragroute_online,physics,1,Rel,50,0.7,3,101,150,5,0.0,0.0,0.164,0.055497747702046435,0.916,0.008944271909999166,0.94,0.0,5.936,0.39582824558133783,0.018666666666666668,0.01788854381999832,0.5413333333333333,0.042005290672062275,0.904,0.011155467020454316,0.9746666666666667,0.002981423969999689,3.885333333333333,0.16575752035897348,0.03731242343751113,0.00925704848147329,0.9977054484118881,3.386338622312429e-05,0.03801204509730682,0.009391864813358776,1.0,0.0
ragroute_online,physics,1,Rel,50,0.7,4,151,200,5,0.0,0.0,0.192,0.010954451150103333,0.96,0.0,1.0,0.0,6.368,0.45223887493226395,0.014,0.01341640786499874,0.454,0.03267261850540909,0.918,0.008366600265340763,0.981,0.0022360679774997916,4.506,0.22501111083677636,0.014167668250533111,0.0025254025848319224,0.9995666151855535,6.395967487003376e-06,0.01436023164797322,0.002566891164207574,1.0,0.0
ragroute_online,physics,1,Rel,50,0.7,5,201,250,5,0.0,0.0,0.204,0.026076809620810593,0.98,0.0,0.98,0.0,6.956,0.24592681838303052,0.0112,0.010733126291998992,0.404,0.030724582991474434,0.9304,0.00669328021227261,0.9808,0.0017888543819998333,4.996,0.19450449866262734,0.01006956291923567,0.00028573733593464424,0.9999153696696649,1.2489889428034376e-06,0.010162416,0.0002658698653100803,1.0,0.0
ragroute_online,physics,1,Rel,50,0.7,6,251,300,5,0.0,0.0,0.164,0.047749345545253286,0.944,0.008944271909999166,1.0,0.0,6.288,0.19057806799314578,0.009333333333333334,0.00894427190999916,0.364,0.03344979654480559,0.9326666666666666,0.006411794687223756,0.984,0.0014907119849998942,5.211333333333333,0.19086935613427067,0.009929339620020466,2.1538217382612097e-05,0.9999840153953395,2.3590353956478777e-07,0.01,0.0,1.0,0.0
ragroute_online,physics,1,Rel,50,0.7,7,301,350,5,0.0,0.0,0.17200000000000001,0.03898717737923585,0.96,0.0,0.964,0.008944271909999166,6.2,0.1462873883832779,0.008,0.007666518779999279,0.3365714285714286,0.034010802605606814,0.9365714285714286,0.005495824017620361,0.9811428571428571,0.001564921592871922,5.352571428571428,0.18191273979015107,0.009987554221387068,0.0001046061586804307,0.9999967940639127,5.833227513734712e-08,0.01004,8.944271909999182e-05,1.0,0.0
ragroute_online,physics,1,Rel,50,0.7,8,351,400,5,0.0,0.0,0.312,0.046043457732885346,1.0,0.0,1.0,0.0,5.0760000000000005,0.06985699678629183,0.007,0.00670820393249937,0.3335,0.033568958875723275,0.9445,0.004808846015417823,0.9835,0.001369306393762886,5.318,0.15767252455643627,0.00996831828389365,1.2206117629707164e-05,0.9999993944768889,1.1017543592625903e-08,0.01,0.0,1.0,0.0
ragroute_online,physics,1,Rel,50,0.7,9,401,450,5,0.0,0.0,0.356,0.06542170893518451,0.98,0.0,0.98,0.0,5.404,0.14859340496805348,0.006222222222222222,0.005962847939999439,0.336,0.037098467573422715,0.9484444444444444,0.004274529791482549,0.9831111111111112,0.001217161238900377,5.327555555555556,0.15046922494091963,0.010102639103685196,0.00010666184986464554,0.9999998817549226,2.151479096840474e-09,0.01012,0.00010954451150103351,1.0,0.0
ragroute_online,physics,1,Rel,50,0.7,10,451,500,5,0.0,0.0,0.384,0.02966479394838264,0.98,0.0,1.0,0.0,5.252,0.1229634091915151,0.0056,0.005366563145999496,0.3408,0.035400564967243114,0.9516,0.0038470768123342724,0.9848,0.001095445115010333,5.32,0.14533409785731635,0.010030975641460365,9.274549757727266e-05,0.9835999780253606,0.03667151377946862,0.01004,8.944271909999182e-05,0.9836,0.03667151483099653
ragroute_online,physics,3,Full TASR,50,0.7,1,1,50,5,0.076,0.02190890230020665,0.992,0.010954451150103333,0.884,0.021908902300206666,0.98,0.0,1.972,0.0268328157299975,0.076,0.02190890230020665,0.992,0.010954451150103333,0.884,0.021908902300206666,0.98,0.0,1.972,0.0268328157299975,0.8702179450642711,0.0033782101454801787,0.9414167311492943,0.0,1.0,0.0,1.0,0.0
ragroute_online,physics,3,Full TASR,50,0.7,2,51,100,5,0.012,0.01788854381999832,0.776,0.10139033484509258,0.916,0.008944271909999166,0.996,0.008944271909999166,2.848,0.35597752738059196,0.044000000000000004,0.016733200530681513,0.884,0.05128352561983234,0.9,0.007071067811865481,0.988,0.004472135954999583,2.4099999999999997,0.17874562931719476,0.16576736346273765,0.04704342598221828,0.9826414671228304,0.01407287864261302,0.32179143546954364,0.060163903825243316,1.0,0.0
ragroute_online,physics,3,Full TASR,50,0.7,3,101,150,5,0.0,0.0,0.41200000000000003,0.206688170924221,0.904,0.02607680962081058,0.94,0.0,4.212000000000001,0.6301745789858554,0.029333333333333333,0.011155467020454342,0.7266666666666667,0.10165300454651269,0.9013333333333333,0.008692269873603532,0.9720000000000001,0.002981423969999739,3.010666666666667,0.32505042343885326,0.0713498786853229,0.010520484757882635,0.7003676337437996,0.047555568421753354,0.16975935565783748,0.018781237503845992,1.0,0.0
ragroute_online,physics,3,Full TASR,50,0.7,4,151,200,5,0.0,0.0,0.428,0.1338656042454521,0.9,0.034641016151377525,0.976,0.008944271909999166,4.5760000000000005,0.48049973985424815,0.022000000000000002,0.008366600265340756,0.652,0.10917875251164945,0.901,0.011937336386313334,0.973,0.0027386127875258333,3.402,0.3601492746070718,0.03704518510337601,0.006574357256896249,0.681877904903201,0.08560256565073439,0.09815898367262597,0.013714675920102257,1.0,0.0
ragroute_online,physics,3,Full TASR,50,0.7,5,201,250,5,0.0,0.0,0.44,0.10488088481701516,0.964,0.008944271909999166,0.98,0.0,4.7,0.5544366510251646,0.0176,0.006693280212272605,0.6096,0.10727907531294256,0.9136000000000001,0.011171392035015163,0.9743999999999999,0.002190890230020666,3.6616,0.3958646233246916,0.01877885253487247,0.004756319883090758,0.7555411445679896,0.14696423025359995,0.05172988694223868,0.009237849329179216,1.0,0.0
ragroute_online,physics,3,Full TASR,50,0.7,6,251,300,5,0.0,0.0,0.364,0.14587666023048376,0.948,0.010954451150103333,1.0,0.0,4.692,0.7410263153222023,0.014666666666666666,0.005577733510227171,0.5686666666666667,0.11349498275743784,0.9193333333333333,0.010381607668264946,0.9786666666666667,0.001825741858350535,3.8333333333333335,0.45120209810386885,0.012450367909066484,0.005056952006232034,0.719542081809947,0.09584339989046087,0.033591737775623326,0.006849488929488007,1.0,0.0
ragroute_online,physics,3,Full TASR,50,0.7,7,301,350,5,0.0,0.0,0.34400000000000003,0.1693517050401324,0.96,0.0,0.972,0.010954451150103333,4.972,0.8583239481687552,0.012571428571428572,0.004780914437337575,0.5365714285714286,0.12130918500817216,0.9251428571428572,0.008898520858512794,0.9777142857142856,0.002390457218668776,3.996,0.5083209656129014,0.007664119677744088,0.0026385091264528697,0.7417258680009076,0.13984246182519441,0.02158890487560588,0.0044743750052864935,1.0,0.0
ragroute_online,physics,3,Full TASR,50,0.7,8,351,400,5,0.0,0.0,0.372,0.18686893802876922,1.0,0.0,1.0,0.0,4.68,0.804238770515324,0.011000000000000001,0.004183300132670378,0.516,0.1292840864143766,0.9345,0.007786205751198718,0.9805,0.0020916500663351973,4.0815,0.5425132486861497,0.004841641988529394,0.0016843928643110243,0.8992099338873336,0.09601244459252038,0.014317510911293694,0.003239858618421171,1.0,0.0
ragroute_online,physics,3,Full TASR,50,0.7,9,401,450,5,0.0,0.0,0.356,0.17742604092973502,0.98,0.0,0.984,0.008944271909999166,5.46,0.7713624310270758,0.009777777777777778,0.003718489006818113,0.49822222222222223,0.13373458143503844,0.9395555555555556,0.0069210717788433015,0.9808888888888889,0.0025337231668869893,4.234666666666667,0.5666374720148307,0.00362029837931872,0.001027695663920425,0.8133553401361807,0.1425833718302348,0.010869019198046944,0.0015336168572131987,1.0,0.0
ragroute_online,physics,3,Full TASR,50,0.7,10,451,500,5,0.0,0.0,0.4,0.15491933384829668,0.988,0.010954451150103333,1.0,0.0,5.228,0.7494798196082401,0.0088,0.0033466401061363026,0.4884,0.13559793508752263,0.9443999999999999,0.006985699678629199,0.9828,0.002280350850198278,4.334,0.5837636508039877,0.003419853442909969,0.0006771742720944405,0.8224343229751895,0.08560509471984139,0.010444901496943678,0.0009208978649117757,0.9836,0.03667151483099653
ragroute_online,physics,3,No Defense,50,0.7,1,1,50,5,0.052000000000000005,0.030331501776206204,0.988,0.010954451150103333,0.816,0.026076809620810562,0.944,0.021908902300206604,2.064,0.049799598391954976,0.052000000000000005,0.030331501776206204,0.988,0.010954451150103333,0.816,0.026076809620810562,0.944,0.021908902300206604,2.064,0.049799598391954976,0.7,0.0,0.7,0.0,1.0,0.0,1.0,0.0
ragroute_online,physics,3,No Defense,50,0.7,2,51,100,5,0.032,0.026832815729997475,0.98,0.020000000000000018,0.844,0.021908902300206666,0.948,0.036331804249169874,2.18,0.1029563014098699,0.042,0.0216794833886788,0.984,0.015165750888103114,0.83,0.015811388300841875,0.946,0.023021728866442652,2.122,0.06300793600809357,0.7,0.0,0.7,0.0,1.0,0.0,1.0,0.0
ragroute_online,physics,3,No Defense,50,0.7,3,101,150,5,0.048,0.022803508501982758,0.94,0.014142135623730925,0.724,0.008944271909999166,0.896,0.016733200530681527,2.356,0.07127411872482191,0.044000000000000004,0.019776529298921767,0.9693333333333334,0.01115546702045432,0.7946666666666666,0.010954451150103326,0.9293333333333333,0.017384539747207085,2.2,0.05981452814975449,0.7,0.0,0.7,0.0,1.0,0.0,1.0,0.0
ragroute_online,physics,3,No Defense,50,0.7,4,151,200,5,0.048,0.041472882706655445,0.96,0.028284271247461888,0.796,0.026076809620810566,0.92,0.03999999999999998,2.172,0.09121403400793093,0.045,0.01968501968502953,0.967,0.013038404810405309,0.795,0.011180339887498959,0.927,0.022248595461286956,2.193,0.06006246748178101,0.7,0.0,0.7,0.0,1.0,0.0,1.0,0.0
ragroute_online,physics,3,No Defense,50,0.7,5,201,250,5,0.04,0.03162277660168379,0.964,0.016733200530681527,0.844,0.03286335345030996,0.948,0.010954451150103333,2.168,0.07429670248402671,0.044,0.018973665961010275,0.9663999999999999,0.011523888232710357,0.8048000000000001,0.011099549540409247,0.9312,0.01775387281693768,2.188,0.0624819974072531,0.7,0.0,0.7,0.0,1.0,0.0,1.0,0.0
ragroute_online,physics,3,No Defense,50,0.7,6,251,300,5,0.016,0.016733200530681513,0.948,0.017888543819998288,0.82,0.0,0.944,0.021908902300206635,2.224,0.0887693640846885,0.03933333333333334,0.0178574603146385,0.9633333333333334,0.012472191289246485,0.8073333333333333,0.00924962461700774,0.9333333333333333,0.016329931618554495,2.194,0.06321919539717864,0.7,0.0,0.7,0.0,1.0,0.0,1.0,0.0
ragroute_online,physics,3,No Defense,50,0.7,7,301,350,5,0.024,0.03286335345030997,0.944,0.026076809620810572,0.816,0.016733200530681475,0.92,0.0,2.204,0.06841052550594819,0.037142857142857144,0.01690308509457033,0.9605714285714285,0.013761822375762608,0.8085714285714286,0.006700593942604885,0.9314285714285714,0.01399708424447529,2.1954285714285713,0.06242056176142791,0.7,0.0,0.7,0.0,1.0,0.0,1.0,0.0
ragroute_online,physics,3,No Defense,50,0.7,8,351,400,5,0.056,0.03577708763999664,0.992,0.010954451150103333,0.836,0.02607680962081058,0.952,0.010954451150103333,2.096,0.09838699100999083,0.0395,0.01832007096056126,0.9645,0.013157697366940762,0.812,0.00836660026534071,0.934,0.013532368602724335,2.183,0.0643574005068571,0.7,0.0,0.7,0.0,1.0,0.0,1.0,0.0
ragroute_online,physics,3,No Defense,50,0.7,9,401,450,5,0.044,0.026076809620810597,0.976,0.016733200530681527,0.848,0.02683281572999745,0.972,0.010954451150103333,2.096,0.055497747702046483,0.04,0.017638342073763937,0.9657777777777777,0.01243253398284389,0.816,0.009216196157034551,0.9382222222222222,0.013184352865947834,2.1733333333333333,0.059379507626166214,0.7,0.0,0.7,0.0,1.0,0.0,1.0,0.0
ragroute_online,physics,3,No Defense,50,0.7,10,451,500,5,0.044,0.008944271909999158,0.992,0.010954451150103333,0.78,0.024494897427831758,0.956,0.008944271909999166,2.212,0.0985900603509298,0.0404,0.016456001944579367,0.9683999999999999,0.011949895397031734,0.8124,0.00983869910099903,0.94,0.012569805089976488,2.1772,0.06258753869581392,0.7,0.0,0.7,0.0,1.0,0.0,1.0,0.0
ragroute_online,physics,3,Rel,50,0.7,1,1,50,5,0.076,0.02190890230020665,0.992,0.010954451150103333,0.884,0.021908902300206666,0.98,0.0,1.972,0.0268328157299975,0.076,0.02190890230020665,0.992,0.010954451150103333,0.884,0.021908902300206666,0.98,0.0,1.972,0.0268328157299975,0.8702179450642711,0.0033782101454801787,0.9414167311492943,0.0,1.0,0.0,1.0,0.0
ragroute_online,physics,3,Rel,50,0.7,2,51,100,5,0.012,0.01788854381999832,0.8200000000000001,0.06928203230275505,0.916,0.008944271909999166,0.992,0.017888543819998333,2.692,0.2954995769878528,0.044000000000000004,0.016733200530681513,0.906,0.03646916505762092,0.9,0.007071067811865481,0.986,0.008944271909999166,2.332,0.15006665185843265,0.2718963028558031,0.04929374121329286,0.988782488224962,0.0003411380069863448,0.2941331740656927,0.05050475031745435,1.0,0.0
ragroute_online,physics,3,Rel,50,0.7,3,101,150,5,0.0,0.0,0.496,0.18187908071023448,0.924,0.008944271909999116,0.94,0.0,3.856,0.5853887597144312,0.029333333333333333,0.011155467020454342,0.7693333333333333,0.08453795991545261,0.9079999999999999,0.002981423969999739,0.9706666666666667,0.005962847939999478,2.84,0.2942410198761855,0.13880646173007122,0.02306760603346765,0.9976584585732023,7.120908732994054e-05,0.146010594089251,0.02246164671768998,1.0,0.0
ragroute_online,physics,3,Rel,50,0.7,4,151,200,5,0.0,0.0,0.46799999999999997,0.13160547101089679,0.944,0.008944271909999166,0.972,0.010954451150103333,4.272,0.5066754385205583,0.022000000000000002,0.008366600265340756,0.6940000000000001,0.0962029105588807,0.917,0.0027386127875258333,0.971,0.006519202405202654,3.198,0.34624052333601846,0.0722761043753902,0.008618239285457194,0.9995364236027685,2.0597303021663743e-05,0.07510086544904993,0.008113107340569966,1.0,0.0
ragroute_online,physics,3,Rel,50,0.7,5,201,250,5,0.0,0.0,0.47600000000000003,0.11696153213770757,0.98,0.0,0.98,0.0,4.384,0.543948526976588,0.0176,0.006693280212272605,0.6504,0.09946255576849007,0.9296000000000001,0.002190890230020666,0.9728,0.0052153619241621235,3.4352,0.3838583071915991,0.03827853134562596,0.010728704251884397,0.9999094739309605,4.022191135056861e-06,0.039234648371781415,0.010458015297049346,1.0,0.0
ragroute_online,physics,3,Rel,50,0.7,6,251,300,5,0.0,0.0,0.368,0.17753872816937719,0.952,0.010954451150103333,1.0,0.0,4.4559999999999995,0.6892604732610162,0.014666666666666666,0.005577733510227171,0.6033333333333334,0.11212592127702774,0.9333333333333333,0.0033333333333332993,0.9773333333333333,0.004346134936801768,3.6053333333333333,0.43409292399976607,0.02320139843021708,0.005940354792395073,0.9999829018341376,7.596937753877497e-07,0.02368628794670959,0.005824707678131262,1.0,0.0
ragroute_online,physics,3,Rel,50,0.7,7,301,350,5,0.0,0.0,0.336,0.16087262041752165,0.96,0.0,0.972,0.010954451150103333,4.884,0.6882441427284361,0.012571428571428572,0.004780914437337575,0.5651428571428572,0.11894776764854155,0.9371428571428572,0.002857142857142836,0.9765714285714285,0.0046947647786157185,3.788,0.4703294546574425,0.014918321408781706,0.0036026990626166406,0.99999661475198,1.9071080305106742e-07,0.015171926098507729,0.003546792346768128,1.0,0.0
ragroute_online,physics,3,Rel,50,0.7,8,351,400,5,0.0,0.0,0.392,0.17527121840165313,1.0,0.0,1.0,0.0,4.596,0.7353094586634937,0.011000000000000001,0.004183300132670378,0.5435,0.12586699329053663,0.945,0.0025000000000000022,0.9795,0.004107919181288746,3.889,0.5008386716298971,0.010977245653345012,0.0025058591509798524,0.9999993606092394,3.602061792843683e-08,0.0111348532312332,0.0024584866997390945,1.0,0.0
ragroute_online,physics,3,Rel,50,0.7,9,401,450,5,0.0,0.0,0.376,0.1252198067399882,0.98,0.0,0.98,0.0,5.088,0.492260093852833,0.009777777777777778,0.003718489006818113,0.5248888888888888,0.12512117583357069,0.9488888888888889,0.0022222222222222365,0.9795555555555555,0.0036514837167010835,4.022222222222222,0.4971598346956117,0.010391073804725004,0.0011186563437589146,0.9999998751413306,7.034018468844288e-09,0.0105302095756247,0.0010741692212782863,1.0,0.0
ragroute_online,physics,3,Rel,50,0.7,10,451,500,5,0.0,0.0,0.424,0.11081516141756055,0.98,0.0,1.0,0.0,4.808,0.48012498372819573,0.0088,0.0033466401061363026,0.5148,0.12309833467598169,0.952,0.0020000000000000018,0.9816,0.0032863353450309995,4.1008000000000004,0.49425418561707696,0.010091636782148052,0.0004521505938909264,0.9999999764172436,1.3285544966217238e-09,0.010215437426518413,0.0004085591938567917,1.0,0.0
