experiment,target_domain,num_malicious,mode,warmup_queries,cold_start_s0,n,final_hr@1_mean,final_hr@1_std,final_hr@3_mean,final_hr@3_std,final_acc@1_mean,final_acc@1_std,final_acc@3_mean,final_acc@3_std,early_hr@1_mean,early_hr@1_std,early_acc@1_mean,early_acc@1_std,late_hr@1_mean,late_hr@1_std,late_acc@1_mean,late_acc@1_std,final_mal_reputation_mean,final_mal_reputation_std,final_honest_target_reputation_mean,final_honest_target_reputation_std,final_mal_effective_trust_mean,final_mal_effective_trust_std,final_honest_target_effective_trust_mean,final_honest_target_effective_trust_std
cold_start_sweep,gaming,1,Full TASR,50,0.5,5,0.002,0.0034641016151377548,0.0524,0.04475265355261071,0.9724,0.02847455004034302,0.9908,0.015073154945133432,0.01,0.017320508075688773,0.96,0.017320508075688787,0.0,0.0,0.992,0.010954451150103333,0.21200417706729396,0.024984630929558486,0.2608355638791468,0.04463389651628029,0.07296662584525715,0.0035735520360617684,0.09493688087914244,0.010569361848087827
cold_start_sweep,gaming,1,Full TASR,50,0.9,5,0.0044,0.0035777087639996636,0.0392,0.003633180424916991,0.9471999999999999,0.009121403400793112,0.9816,0.0047749345545253325,0.022,0.01788854381999832,0.864,0.05594640292279746,0.0,0.0,0.976,0.018165902124584965,0.19038700276662385,0.01726325069730924,0.27455491985699704,0.014810381555998092,0.07818420380000468,0.004581207649092334,0.09337245200359648,0.00512688937782577
cold_start_sweep,gaming,1,Full TASR,50,1.0,5,0.02,0.003999999999999999,0.0576,0.005176871642217915,0.9352,0.018143869488066726,0.9816,0.004979959839195498,0.1,0.02,0.772,0.021679483388678818,0.0,0.0,0.988,0.0268328157299975,0.1860592429848212,0.010898045740935433,0.2623594988656041,0.011366913312821837,0.08003316376847476,0.004795505800972444,0.09407519688187461,0.005035330139491873
cold_start_sweep,gaming,3,Full TASR,50,0.5,5,0.006,0.009273618495495703,0.1128,0.044375669009041434,0.984,0.016911534525287777,0.9968,0.0060991802727907675,0.03,0.04636809247747852,0.95,0.04847679857416328,0.0,0.0,1.0,0.0,0.1997503808888343,0.01299462551816849,0.2892778123012818,0.03174747069538235,0.07127915148757423,0.004481924062148346,0.1118823078612249,0.026026294771394138
cold_start_sweep,gaming,3,Full TASR,50,0.9,5,0.0208,0.011713240371477057,0.1368,0.027589853207293437,0.9356,0.007536577472566668,0.9823999999999999,0.0032863353450309995,0.104,0.058566201857385286,0.774,0.06348228099241551,0.0,0.0,0.994,0.008944271909999166,0.17730306604685422,0.011790424559696908,0.2662857397960102,0.019201175066603335,0.07485078516564284,0.005465803682699622,0.09129304694967827,0.007045905136754021
cold_start_sweep,gaming,3,Full TASR,50,1.0,5,0.055600000000000004,0.005549774770204641,0.16040000000000001,0.004979959839195498,0.8816,0.01013903348450927,0.9688,0.010449880382090514,0.278,0.027748873851023214,0.572,0.044384682042344276,0.0,0.0,0.998,0.004472135954999583,0.18104392870937264,0.00817141083510881,0.2758785722937552,0.019322087414091357,0.08055448216323671,0.004287964780798573,0.11273614246515998,0.009371119532171419
cold_start_sweep,gis,1,Full TASR,50,0.5,5,0.0504,0.022645087767549057,0.1432,0.008786353054595514,0.9484,0.0219727103471556,0.9988,0.001095445115010333,0.252,0.11322543883774529,0.742,0.10986355173577812,0.0,0.0,1.0,0.0,0.09869994912948837,0.012947724117486115,0.5308499334364097,0.04218608559148518,0.04285494716536212,0.003535513048170698,0.29233873354375384,0.023229091034435014
cold_start_sweep,gis,1,Full TASR,50,0.9,5,0.034,0.0070710678118654745,0.1128,0.02062037827005121,0.958,0.0073484692283495405,0.9964,0.002190890230020666,0.17,0.035355339059327376,0.79,0.03674234614174768,0.0,0.0,1.0,0.0,0.11595981314848505,0.015326472127722894,0.52196020185338,0.04224626790654705,0.05221168964205767,0.004079150526235323,0.2725655088268056,0.03115041398841711
cold_start_sweep,gis,1,Full TASR,50,1.0,5,0.0372,0.003033150177620621,0.094,0.009486832980505141,0.9483999999999999,0.0026076809620810618,0.9908,0.003033150177620623,0.186,0.015165750888103097,0.742,0.013038404810405309,0.0,0.0,1.0,0.0,0.12429855096209332,0.016396555194245606,0.5416379898213001,0.026303278299993987,0.053062299433700534,0.004320257534503379,0.29285981470149347,0.01936495859752263
cold_start_sweep,gis,3,Full TASR,50,0.5,5,0.08,0.008246211251235319,0.2216,0.006542170893518456,0.9196000000000001,0.00841427358718506,0.998,0.0,0.39999999999999997,0.041231056256176596,0.598,0.04207136793592527,0.0,0.0,1.0,0.0,0.12011968942777623,0.01214942745300267,0.4814677846578263,0.05535436046716874,0.045908881568911375,0.0025836683761087985,0.26245682191339753,0.037272248457677994
cold_start_sweep,gis,3,Full TASR,50,0.9,5,0.0724,0.007668115805072325,0.212,0.01224744871391589,0.9212,0.008786353054595526,0.978,0.012727922061357866,0.362,0.03834057902536162,0.606,0.043931765272977596,0.0,0.0,1.0,0.0,0.12460286983196994,0.016728640524471258,0.5042054826829484,0.08306938195592573,0.05565445110684719,0.005045921822061174,0.2670862846446745,0.0428823959604366
cold_start_sweep,gis,3,Full TASR,50,1.0,5,0.07200000000000001,0.003999999999999997,0.204,0.015748015748023623,0.9072,0.009757048734120383,0.9716,0.00638748776906853,0.36,0.020000000000000004,0.536,0.04878524367060188,0.0,0.0,1.0,0.0,0.1257043810022297,0.021371337167915838,0.4570784413512013,0.04283129577312542,0.05870381722115711,0.00744364097476424,0.2633898471859898,0.02630913980409512
cold_start_sweep,physics,1,Full TASR,50,0.5,5,0.056799999999999996,0.011099549540409285,0.1472,0.002280350850198278,0.9431999999999999,0.011099549540409257,1.0,0.0,0.284,0.05549774770204642,0.716,0.05549774770204644,0.0,0.0,1.0,0.0,0.07724936865089126,0.012091432036218342,1.0,0.0,0.030285922075979577,0.0008414393578319263,0.37782049052301303,0.045850400276618596
cold_start_sweep,physics,1,Full TASR,50,0.9,5,0.0564,0.01283744522870497,0.1412,0.005019960159204443,0.938,0.009899494936611623,0.9968,0.001095445115010333,0.282,0.06418722614352484,0.69,0.049497474683058325,0.0,0.0,1.0,0.0,0.08296103988355621,0.01722706410044259,1.0,0.0,0.035826298242948015,0.00027432871616090934,0.41809774810363487,0.058457953259475275
cold_start_sweep,physics,1,Full TASR,50,1.0,5,0.0524,0.010526157893552615,0.1316,0.00638748776906853,0.9252,0.009959919678390954,0.9868,0.00268328157299975,0.262,0.05263078946776307,0.64,0.05431390245600109,0.0,0.0,1.0,0.0,0.08625060799604643,0.013790398902322445,1.0,0.0,0.036193291533493016,0.000818504919492938,0.4280479917850671,0.09778810211611194
cold_start_sweep,physics,3,Full TASR,50,0.5,5,0.0668,0.011366617790706256,0.2444,0.009423375191511795,0.9332,0.011366617790706215,1.0,0.0,0.334,0.05683308895353129,0.666,0.056833088953531286,0.0,0.0,1.0,0.0,0.07607277610574777,0.010844668405916484,1.0,0.0,0.02921072241953304,0.0013905508471930197,0.40028158988111273,0.09525600925869764
cold_start_sweep,physics,3,Full TASR,50,0.9,5,0.0964,0.007402702209328701,0.2424,0.012521980673998822,0.8784,0.019204166214652502,0.9468,0.02287356552879324,0.482,0.0370135110466435,0.408,0.08642916174532762,0.0,0.0,1.0,0.0,0.0797770218473243,0.01143548448148753,0.9918,0.01833575741549824,0.034650554548908065,0.0015096190520208868,0.46600642667055564,0.12186625762036968
cold_start_sweep,physics,3,Full TASR,50,1.0,5,0.0812,0.009444575162494072,0.242,0.022583179581272442,0.8764,0.020366639388961567,0.9404,0.016577092628081637,0.406,0.04722287581247038,0.412,0.10134100848126587,0.0,0.0,1.0,0.0,0.0822627709848791,0.011898045848948813,1.0,0.0,0.0376780432479955,0.0019153362249654479,0.4126364486840262,0.09095257044715935
online,gaming,1,Full TASR,50,0.7,5,0.0036,0.00589915248150105,0.0528,0.04557630963559907,0.9628,0.019162463307205554,0.99,0.007615773105863915,0.018000000000000002,0.029495762407505257,0.9359999999999999,0.03361547262794319,0.0,0.0,0.998,0.004472135954999583,0.19080030038954537,0.02237477022990989,0.31095401999527345,0.03424320756412383,0.07250635109894336,0.01224475266897143,0.10403985734135539,0.011046350900009931
online,gaming,1,No Defense,50,0.7,5,0.20879999999999999,0.01616168308066954,0.2672,0.02184490787346103,0.646,0.025099800796022243,0.9272,0.004604345773288539,0.20199999999999999,0.0496990945591567,0.6759999999999999,0.05504543577809154,0.202,0.016431676725154987,0.672,0.027748873851023183,1.0,0.0,1.0,0.0,0.7,0.0,0.7,0.0
online,gaming,1,Rel,50,0.7,5,0.0036,0.00589915248150105,0.0552,0.045223887493226415,0.9876,0.005176871642217918,0.9984,0.0026076809620810618,0.018000000000000002,0.029495762407505257,0.962,0.031144823004794854,0.0,0.0,0.992,0.017888543819998333,0.17036978923695562,0.010580700317682991,0.22578023455650634,0.046840905521358764,0.14733286739783527,0.005388516157347872,0.2253092634622647,0.046816215524920726
online,gaming,3,Full TASR,50,0.7,5,0.0064,0.010139033484509261,0.116,0.041545156155681974,0.9743999999999999,0.02554995107627412,0.9944,0.007127411872482191,0.032,0.0506951674225463,0.9359999999999999,0.07668115805072323,0.0,0.0,1.0,0.0,0.19025658308790983,0.009116241076821094,0.2833600379492183,0.020824869284602178,0.07327567381517379,0.0036383752163946527,0.10289405288323708,0.016383368761798772
online,gaming,3,No Defense,50,0.7,5,0.5412,0.020129580224137796,0.6292,0.010639548862616319,0.3348,0.021981810662454537,0.8768,0.014737706741552444,0.5680000000000001,0.03420526275297411,0.32,0.0374165738677394,0.534,0.029664793948382645,0.362,0.03898717737923585,1.0,0.0,1.0,0.0,0.7,0.0,0.7,0.0
online,gaming,3,Rel,50,0.7,5,0.0064,0.010139033484509261,0.12040000000000001,0.043483330139261415,0.9884,0.010039920318408915,0.998,0.0034641016151377574,0.032,0.0506951674225463,0.96,0.05099019513592784,0.0,0.0,1.0,0.0,0.16753139714970558,0.005393175251249438,0.2355540685695917,0.04389671335107517,0.143825406350933,0.007906484835208507,0.23514970300359686,0.04400500341541037
online,gis,1,Full TASR,50,0.7,5,0.044,0.015620499351813309,0.13999999999999999,0.006164414002968968,0.9508,0.019162463307205557,0.9976,0.0032863353450309995,0.22,0.07810249675906654,0.754,0.09581231653602787,0.0,0.0,1.0,0.0,0.10915691849487699,0.01693751439334439,0.5119575976001551,0.09719279119755482,0.0480087299182456,0.0035802889714236573,0.27327634741945983,0.06044531301734491
online,gis,1,No Defense,50,0.7,5,0.34,0.038026306683663094,0.5248,0.03840833242930497,0.54,0.03847076812334269,0.9376,0.005899152481501005,0.368,0.03768288736283354,0.498,0.040865633483405085,0.352,0.05585696017507576,0.576,0.05770615218501403,1.0,0.0,1.0,0.0,0.7,0.0,0.7,0.0
online,gis,1,Rel,50,0.7,5,0.044,0.015620499351813309,0.1408,0.0036331804249169785,0.9548,0.014939879517586492,0.9988,0.001095445115010333,0.22,0.07810249675906654,0.774,0.07469939758793241,0.0,0.0,1.0,0.0,0.10285384978362169,0.005993124856674195,0.4967652014524339,0.0174375027455077,0.09990705779729499,0.00562806907812189,0.49568915001703173,0.01738821456841508
online,gis,3,Full TASR,50,0.7,5,0.0712,0.007694153624668539,0.2168,0.004604345773288539,0.9272,0.008555699854482983,0.9964,0.0026076809620810618,0.356,0.03847076812334267,0.636,0.042778499272414915,0.0,0.0,1.0,0.0,0.12173854238150043,0.009013600310663837,0.532442079570397,0.033113822062873374,0.05073468729408458,0.0014720622057043243,0.2840321037069585,0.03316622127743736
online,gis,3,No Defense,50,0.7,5,0.6504,0.0194627850011246,0.8148,0.012457929201917912,0.2564,0.020415680248279763,0.8208,0.020029977533686825,0.668,0.034928498393145935,0.244,0.026076809620810607,0.688,0.03701351104664347,0.246,0.038470768123342686,1.0,0.0,1.0,0.0,0.7,0.0,0.7,0.0
online,gis,3,Rel,50,0.7,5,0.0724,0.008988882021697689,0.2188,0.004147288270665548,0.9268000000000001,0.008786353054595526,0.9972,0.0017888543819998333,0.362,0.04494441010848846,0.636,0.04505552130427523,0.0,0.0,1.0,0.0,0.11712320671941039,0.0087512938224895,0.4195793819529012,0.0925991690312946,0.1099276790876501,0.008187653484689668,0.4182190894220468,0.09215796500218738
online,physics,1,Full TASR,50,0.7,5,0.056799999999999996,0.011099549540409285,0.14679999999999999,0.003898717737923589,0.9428,0.011366617790706215,1.0,0.0,0.284,0.05549774770204642,0.716,0.05549774770204644,0.0,0.0,1.0,0.0,0.07969928170134365,0.01735038928478648,1.0,0.0,0.032430571569357115,0.0033055673482744507,0.45972923791958864,0.11137752400690736
online,physics,1,No Defense,50,0.7,5,0.518,0.024899799195977488,0.8548,0.014872793954062578,0.3432,0.02278596058980178,0.8864,0.005176871642217918,0.514,0.08264381404557754,0.366,0.08264381404557752,0.53,0.05744562646538028,0.356,0.05899152481501051,1.0,0.0,1.0,0.0,0.7,0.0,0.7,0.0
online,physics,1,Rel,50,0.7,5,0.056799999999999996,0.011099549540409285,0.15,0.0020000000000000018,0.9431999999999999,0.011099549540409257,1.0,0.0,0.284,0.05549774770204642,0.716,0.05549774770204644,0.0,0.0,1.0,0.0,0.0660466148676505,0.0032105374027785794,1.0,0.0,0.06446191326057997,0.0031081489385603365,0.9999999826667545,0.0
online,physics,3,Full TASR,50,0.7,5,0.0928,0.023773935307390737,0.2416,0.012116104984688769,0.9036000000000001,0.028754130138121052,0.9576,0.05461501625011201,0.46399999999999997,0.11886967653695367,0.528,0.13103434664239755,0.0,0.0,1.0,0.0,0.0792915179825281,0.013322670141782162,1.0,0.0,0.03407924411989869,0.001579432709111705,0.4086752572738084,0.1167699345043723
online,physics,3,No Defense,50,0.7,5,0.756,0.017720045146669364,0.9408,0.009444575162494027,0.1448,0.018686893802876928,0.5984,0.03314815228636431,0.774,0.032863353450309954,0.14400000000000002,0.016733200530681513,0.754,0.015165750888103114,0.162,0.013038404810405298,1.0,0.0,1.0,0.0,0.7,0.0,0.7,0.0
online,physics,3,Rel,50,0.7,5,0.0948,0.025635912310662944,0.24159999999999998,0.0038470768123342724,0.9052,0.025635912310662968,0.9572,0.055038168574181305,0.474,0.12817956155331472,0.526,0.12817956155331472,0.0,0.0,1.0,0.0,0.07117314767018319,0.00397604880367201,1.0,0.0,0.06814339340256269,0.003470160913071656,0.9999999202566271,2.897799007358311e-08
warmup_sweep,gaming,1,Full TASR,0,0.7,5,0.002,0.001414213562373095,0.0368,0.0030331501776206214,0.9668,0.02751726730618429,0.9912,0.008074651695274547,0.006,0.005477225575051661,0.914,0.04827007354458869,0.0,0.0,1.0,0.0,0.15686423689252785,0.014013323152448997,0.2765734343384513,0.054317706655591616,0.058926332687359397,0.0024999714202524545,0.09363590367259668,0.018519052886773902
warmup_sweep,gaming,1,Full TASR,25,0.7,5,0.0028,0.00303315017762062,0.0432,0.02105231578710523,0.9728,0.0075630681604756216,0.9924,0.0038470768123342724,0.014,0.015165750888103102,0.92,0.046904157598234276,0.0,0.0,0.988,0.017888543819998333,0.1830932188200728,0.009682685671242725,0.2660361176683838,0.01886116372003235,0.06894013628488573,0.0037013856601817224,0.0880909753179329,0.006802281016635211
warmup_sweep,gaming,1,Full TASR,100,0.7,5,0.008,0.01568438714135812,0.068,0.08721238444166059,0.97,0.02622975409720798,0.9952,0.004604345773288539,0.04,0.07842193570679061,0.95,0.07842193570679058,0.0,0.0,0.998,0.004472135954999583,0.21771385843537294,0.014773718501826847,0.3337246259801805,0.02193866678299413,0.08887736009863971,0.00701206293080808,0.11492992079918052,0.008438785326413888
warmup_sweep,gaming,3,Full TASR,0,0.7,5,0.0024000000000000002,0.0008944271909999159,0.1072,0.003346640106136305,0.9776,0.007536577472566716,0.9932,0.003033150177620623,0.012,0.00447213595499958,0.924,0.034351128074635306,0.0,0.0,1.0,0.0,0.16025595764446343,0.00844173385105379,0.28907999654709415,0.041972702406810544,0.05898097186313516,0.003147669880364074,0.1226021333859773,0.054008548068827815
warmup_sweep,gaming,3,Full TASR,25,0.7,5,0.006,0.00447213595499958,0.11,0.022934689882359426,0.9728,0.01937008002048522,0.9952,0.0052153619241621235,0.03,0.022360679774997897,0.942,0.04438468204234429,0.0,0.0,0.996,0.0054772255750516665,0.17641867963092583,0.007651084617814978,0.2426332646606901,0.021216315743355696,0.06693546257532947,0.002035134048264937,0.08802445377646172,0.00968627924901171
warmup_sweep,gaming,3,Full TASR,100,0.7,5,0.0132,0.025163465580082568,0.1244,0.0892345224674845,0.976,0.029698484809834974,0.9972,0.003033150177620623,0.06599999999999999,0.1258173279004128,0.9259999999999999,0.12660963628413124,0.0,0.0,0.986,0.02073644135332774,0.22401097516384208,0.010245848925815473,0.312941379027729,0.016223542036595814,0.08986773410939884,0.005723345916833218,0.11564237057279225,0.014743834725481358
warmup_sweep,gis,1,Full TASR,0,0.7,5,0.0016,0.0008944271909999159,0.0432,0.005403702434442517,0.99,0.00509901951359279,0.9964,0.0026076809620810618,0.008,0.00447213595499958,0.95,0.025495097567963903,0.0,0.0,1.0,0.0,0.10354233946400446,0.01536352241152112,0.5038040416253022,0.052140259656683674,0.038896402828249785,0.004933110152560618,0.2738818918441131,0.044035065431911435
warmup_sweep,gis,1,Full TASR,25,0.7,5,0.0204,0.008988882021697692,0.0912,0.008555699854482974,0.97,0.0058309518948453055,0.9952,0.001095445115010333,0.10200000000000001,0.04494441010848847,0.85,0.02915475947422653,0.0,0.0,1.0,0.0,0.11162453057744334,0.02106426198746466,0.5129412006926798,0.07823506432085656,0.04477159634840441,0.0021686186354805625,0.28197869951439264,0.03591457307246263
warmup_sweep,gis,1,Full TASR,100,0.7,5,0.0872,0.016161683080669537,0.23600000000000002,0.005291502622129173,0.9116000000000001,0.015323185047502377,0.9988,0.001095445115010333,0.43,0.0818535277187245,0.5640000000000001,0.0776530746332687,0.0,0.0,1.0,0.0,0.14136192062297528,0.014621015051911865,0.5605841376147112,0.03699638984238764,0.06701175502350305,0.004861744753302744,0.298375603924943,0.025371644774719482
warmup_sweep,gis,3,Full TASR,0,0.7,5,0.0044,0.0016733200530681513,0.1268,0.010059821071967437,0.9908,0.006418722614352491,0.9964,0.0026076809620810618,0.022,0.008366600265340755,0.954,0.032093613071762395,0.0,0.0,1.0,0.0,0.10567978051305227,0.01003524415674143,0.49556731786707797,0.03530342491272037,0.03913170697115913,0.002372614435472134,0.275863802003995,0.03857571456463764
warmup_sweep,gis,3,Full TASR,25,0.7,5,0.0388,0.006418722614352486,0.1736,0.015709869509324386,0.954,0.00509901951359279,0.9956,0.0016733200530681526,0.194,0.03209361307176242,0.77,0.025495097567963948,0.0,0.0,1.0,0.0,0.11875537450090812,0.013415860260817512,0.3909550272899688,0.07956283652211048,0.04762286333140382,0.0034995779131514367,0.2265865214491832,0.052079253396999835
warmup_sweep,gis,3,Full TASR,100,0.7,5,0.1304,0.011949895397031726,0.312,0.016552945357246864,0.8692,0.01188276062201037,0.9972,0.0017888543819998333,0.646,0.05412947441089744,0.352,0.05403702434442517,0.0,0.0,1.0,0.0,0.15095789261004164,0.01989915869780493,0.5652789861959476,0.04873608097902,0.06637505833628862,0.008257432327254973,0.28849508002213803,0.015858404130699392
warmup_sweep,physics,1,Full TASR,0,0.7,5,0.0008,0.0010954451150103322,0.0512,0.005403702434442519,0.9956,0.00669328021227261,0.9988,0.00268328157299975,0.004,0.005477225575051661,0.978,0.033466401061363005,0.0,0.0,1.0,0.0,0.06687763939750159,0.01901050414736727,1.0,0.0,0.025238011684262252,0.0014060493139958902,0.39131679291877197,0.0424222016796895
warmup_sweep,physics,1,Full TASR,25,0.7,5,0.0268,0.008786353054595518,0.1,0.005099019513592783,0.972,0.009273618495495711,0.9996,0.0008944271909999167,0.134,0.04393176527297759,0.86,0.04636809247747853,0.0,0.0,1.0,0.0,0.07521702242047124,0.01520097553079376,1.0,0.0,0.029492883526730962,0.0006992560689078403,0.34975479252010794,0.016866880692530523
warmup_sweep,physics,1,Full TASR,100,0.7,5,0.1124,0.018460769214742927,0.2448,0.0068702256149270734,0.8848,0.01752712184016533,0.9988,0.00268328157299975,0.56,0.09110433579144296,0.44,0.091104335791443,0.0,0.0,1.0,0.0,0.09263503774978023,0.029050008793005025,1.0,0.0,0.042317710002727674,0.0024918505780615946,0.44301049559691347,0.09884864265152031
warmup_sweep,physics,3,Full TASR,0,0.7,5,0.0044,0.0016733200530681513,0.1524,0.011081516141756058,0.9944,0.002190890230020666,0.9996,0.0008944271909999167,0.022,0.008366600265340755,0.972,0.010954451150103333,0.0,0.0,1.0,0.0,0.06427130204730537,0.010700290590538813,1.0,0.0,0.024763737355667885,0.0017033103137688746,0.3924645073510737,0.05625683026895523
warmup_sweep,physics,3,Full TASR,25,0.7,5,0.0492,0.014042791745233568,0.1984,0.013520355024924456,0.9496,0.013740451229854107,0.9783999999999999,0.02515551629364822,0.246,0.07021395872616784,0.748,0.0687022561492707,0.0,0.0,1.0,0.0,0.06973567374848526,0.01094355263090388,0.9918,0.01833575741549824,0.02842650363950882,0.0009686871954027387,0.409705408244433,0.09358291374722141
warmup_sweep,physics,3,Full TASR,100,0.7,5,0.1772,0.03662239751845856,0.32680000000000003,0.011454256850621092,0.8152,0.044913249715423605,0.9168000000000001,0.11037753394599824,0.856,0.15323185047502363,0.144,0.15323185047502363,0.0,0.0,1.0,0.0,0.10169113444625137,0.01913477310548395,1.0,0.0,0.04655034688254315,0.0027476034110865675,0.4177921774647641,0.10257353879832966
