experiment,target_domain,num_malicious,mode,warmup_queries,cold_start_s0,n,final_hr@1_mean,final_hr@1_std,final_hr@3_mean,final_hr@3_std,final_acc@1_mean,final_acc@1_std,final_acc@3_mean,final_acc@3_std,mean_malicious_rank_mean,mean_malicious_rank_std,early_hr@1_mean,early_hr@1_std,early_hr@3_mean,early_hr@3_std,early_acc@1_mean,early_acc@1_std,early_acc@3_mean,early_acc@3_std,late_hr@1_mean,late_hr@1_std,late_hr@3_mean,late_hr@3_std,late_acc@1_mean,late_acc@1_std,late_acc@3_mean,late_acc@3_std,late_malicious_rank_mean,late_malicious_rank_std,final_mal_reputation_mean,final_mal_reputation_std,final_target_reputation_mean,final_target_reputation_std,final_mal_effective_trust_mean,final_mal_effective_trust_std,final_target_effective_trust_mean,final_target_effective_trust_std
ragroute_online,gaming,1,Full TASR,50,0.7,5,0.0012000000000000001,0.0010954451150103322,0.3224,0.0227771815640127,0.8768,0.00742967024840269,0.9736,0.002190890230020666,6.6624,0.20015194228385602,0.006,0.005477225575051661,0.782,0.02280350850198278,0.9,0.0,0.948,0.008366600265340763,0.0,0.0,0.252,0.021679483388678793,0.924,0.015165750888103067,0.996,0.0054772255750516665,6.642,0.11670475568716132,0.01,0.0,1.0,0.0,0.003058769877998411,1.6076033226913093e-05,0.3067523627464303,0.0024413659783129107
ragroute_online,gaming,1,No Defense,50,0.7,5,0.0144,0.0049799598391954926,0.8872,0.03946137351892357,0.8268,0.004381780460041332,0.9356,0.005366563145999442,2.4992,0.13471896674188089,0.022,0.008366600265340755,0.912,0.029495762407505278,0.838,0.010954451150103333,0.924,0.011401754250991351,0.012,0.00447213595499958,0.91,0.04898979485566356,0.836,0.0054772255750516665,0.96,0.010000000000000009,2.406,0.10968135666557009,1.0,0.0,1.0,0.0,0.7,0.0,0.7,0.0
ragroute_online,gaming,1,Rel,50,0.7,5,0.0012000000000000001,0.0010954451150103322,0.3924,0.020947553556441855,0.9496,0.004335896677735764,0.9808,0.0017888543819998333,5.606,0.1807373785358193,0.006,0.005477225575051661,0.824,0.015165750888103064,0.89,0.0,0.958,0.008366600265340763,0.0,0.0,0.35000000000000003,0.022360679774997894,1.0,0.0,1.0,0.0,5.476,0.1438054240979805,0.01,0.0,1.0,0.0,0.00999571711842544,1.2313976855904848e-06,0.9999999767559776,3.4303930008327674e-10
ragroute_online,gaming,3,Full TASR,50,0.7,5,0.0068000000000000005,0.0041472882706655445,0.4528,0.028340783334269364,0.8712,0.0048166378315169225,0.9723999999999999,0.0029664793948382677,5.0412,0.1383806344832976,0.034,0.020736441353327723,0.898,0.013038404810405309,0.878,0.03492849839314599,0.952,0.004472135954999583,0.0,0.0,0.278,0.05215361924162119,0.902,0.016431676725154998,0.99,0.0,6.1739999999999995,0.29313819266687174,0.010148544,5.762919198539008e-05,1.0,0.0,0.0031066947613702716,3.860020746162094e-05,0.30676188650529645,0.007608277221981918
ragroute_online,gaming,3,No Defense,50,0.7,5,0.0428,0.012049896265113656,0.964,0.01019803902718558,0.818,0.009999999999999964,0.916,0.00489897948556636,2.1768,0.06083748844257136,0.042,0.004472135954999581,0.966,0.01341640786499875,0.834,0.01140175425099139,0.912,0.004472135954999583,0.036000000000000004,0.01341640786499874,0.978,0.010954451150103333,0.83,0.012247448713915901,0.94,0.01870828693386968,2.148,0.06534523701081822,1.0,0.0,1.0,0.0,0.7,0.0,0.7,0.0
ragroute_online,gaming,3,Rel,50,0.7,5,0.0068000000000000005,0.0041472882706655445,0.5068,0.030384206423732737,0.9392,0.009230384607371413,0.9812,0.0036331804249169933,4.478,0.1324764129949178,0.034,0.020736441353327723,0.9339999999999999,0.013416407864998692,0.88,0.030000000000000027,0.948,0.008366600265340763,0.0,0.0,0.366,0.047749345545253286,0.996,0.0054772255750516665,1.0,0.0,5.18,0.21236760581595304,0.010121888106666666,9.039575420542716e-05,1.0,0.0,0.01007942591239099,9.02016548940629e-05,0.9999999767091438,1.6988486091127133e-09
ragroute_online,gis,1,Full TASR,50,0.7,5,0.0108,0.008899438184514795,0.3616,0.024223955085823642,0.9428,0.005761944116355146,0.976,0.00244948974278318,6.0752,0.12800468741417245,0.054,0.044497190922573975,0.738,0.016431676725154998,0.876,0.029664793948382676,0.94,0.0,0.0,0.0,0.35400000000000004,0.037148351242013405,0.98,0.0,0.998,0.004472135954999583,5.782,0.12173742234826578,0.01,0.0,1.0,0.0,0.003068258037416076,1.228380286827087e-06,0.9793984067999889,0.018245460010447016
ragroute_online,gis,1,No Defense,50,0.7,5,0.017599999999999998,0.009633275663033836,0.9056,0.0452857593510366,0.8388,0.007014271166700079,0.922,0.006928203230275515,2.4096,0.1682700210970451,0.030000000000000002,0.02,0.906,0.048785243670601865,0.832,0.017888543819998298,0.938,0.004472135954999534,0.004,0.005477225575051661,0.904,0.04505552130427523,0.884,0.008944271909999166,0.952,0.004472135954999583,2.406,0.16682325976913423,1.0,0.0,1.0,0.0,0.7,0.0,0.7,0.0
ragroute_online,gis,1,Rel,50,0.7,5,0.0108,0.008899438184514795,0.418,0.02387467277262665,0.9364,0.005549774770204594,0.97,0.0014142135623730963,5.298,0.10397114984456009,0.054,0.044497190922573975,0.778,0.016431676725154998,0.876,0.029664793948382676,0.938,0.004472135954999534,0.0,0.0,0.40800000000000003,0.035637059362410906,0.98,0.0,0.986,0.0054772255750516665,5.204,0.07334848328356887,0.01,0.0,1.0,0.0,0.009997407867476299,7.943032800339437e-07,0.9999999715971928,1.0225245423875556e-09
ragroute_online,gis,3,Full TASR,50,0.7,5,0.0236,0.007127411872482185,0.5484,0.11178014134898918,0.932,0.0034641016151377097,0.9728,0.003033150177620623,4.3252,0.6545419772634908,0.118,0.035637059362410926,0.908,0.04207136793592525,0.846,0.019493588689617945,0.9359999999999999,0.005477225575051605,0.0,0.0,0.422,0.10894952959971878,0.98,0.0,0.994,0.0054772255750516665,5.12,0.6352952069707438,0.011308065958817117,0.002812928763846694,1.0,0.0,0.0034440348905023363,0.0008767279402127537,0.9642268061426941,0.04688580767638368
ragroute_online,gis,3,No Defense,50,0.7,5,0.054,0.01870828693386971,0.9716,0.016087262041752176,0.832,0.0058309518948453055,0.9072,0.005761944116355179,2.1048,0.07037897413290434,0.082,0.02683281572999748,0.98,0.01581138830084191,0.82,0.018708286933869663,0.924,0.008944271909999116,0.036000000000000004,0.016733200530681513,0.964,0.01140175425099139,0.876,0.015165750888103114,0.946,0.0054772255750516665,2.134,0.05856620185738535,1.0,0.0,1.0,0.0,0.7,0.0,0.7,0.0
ragroute_online,gis,3,Rel,50,0.7,5,0.024,0.007071067811865475,0.618,0.13891004283348268,0.926,0.008485281374238538,0.9676,0.0026076809620810618,3.8108,0.6911043336573719,0.118,0.035637059362410926,0.9400000000000001,0.03162277660168377,0.846,0.019493588689617945,0.9359999999999999,0.005477225575051605,0.0,0.0,0.502,0.11031772296417293,0.98,0.0,0.986,0.0054772255750516665,4.478,0.6031334843962819,0.011767823138128455,0.003839934768136803,1.0,0.0,0.011739496274989516,0.0038369425290819843,0.9999999706408277,8.222452109575947e-10
ragroute_online,physics,1,Full TASR,50,0.7,5,0.0068000000000000005,0.006099180272790763,0.2984,0.03513972111443116,0.9364,0.0063874877690684746,0.9836,0.0016733200530681526,5.9528,0.14524186724219723,0.034,0.030495901363953814,0.6900000000000001,0.03674234614174765,0.886,0.025099800796022288,0.992,0.004472135954999583,0.0,0.0,0.288,0.06099180272790763,0.982,0.004472135954999583,0.992,0.004472135954999583,6.026,0.13649175799292818,0.01004,8.944271909999182e-05,0.9836,0.03667151483099653,0.0030860595692073435,5.141807283904916e-05,0.7396044801312162,0.11169118176996017
ragroute_online,physics,1,No Defense,50,0.7,5,0.0112,0.007949842765740716,0.9208,0.03257606483294135,0.8223999999999999,0.005176871642217918,0.9571999999999999,0.008786353054595526,2.4516,0.14629012270143196,0.01,0.007071067811865475,0.9520000000000001,0.03033150177620617,0.846,0.0054772255750516665,0.976,0.02073644135332774,0.014,0.011401754250991379,0.9259999999999999,0.04335896677735758,0.822,0.01095445115010327,0.97,0.0,2.458,0.21510462570572483,1.0,0.0,1.0,0.0,0.7,0.0,0.7,0.0
ragroute_online,physics,1,Rel,50,0.7,5,0.0056,0.005366563145999496,0.3408,0.035400564967243114,0.9516,0.0038470768123342724,0.9848,0.001095445115010333,5.32,0.14533409785731635,0.028,0.02683281572999748,0.73,0.036742346141747706,0.898,0.017888543819998333,0.992,0.004472135954999583,0.0,0.0,0.37,0.04415880433163924,0.98,0.0,0.99,0.0,5.328,0.09959919678390976,0.01004,8.944271909999182e-05,0.9836,0.03667151483099653,0.010030975641460365,9.274549757727266e-05,0.9835999780253606,0.03667151377946862
ragroute_online,physics,3,Full TASR,50,0.7,5,0.0088,0.0033466401061363026,0.4884,0.13559793508752263,0.9443999999999999,0.006985699678629199,0.9828,0.002280350850198278,4.334,0.5837636508039877,0.044000000000000004,0.016733200530681513,0.884,0.05128352561983234,0.9,0.007071067811865481,0.988,0.004472135954999583,0.0,0.0,0.378,0.1655898547616973,0.984,0.0054772255750516665,0.992,0.004472135954999583,5.344,0.7588016868721362,0.010444901496943678,0.0009208978649117757,0.9836,0.03667151483099653,0.003419853442909969,0.0006771742720944405,0.8224343229751895,0.08560509471984139
ragroute_online,physics,3,No Defense,50,0.7,5,0.0404,0.016456001944579367,0.9683999999999999,0.011949895397031734,0.8124,0.00983869910099903,0.94,0.012569805089976488,2.1772,0.06258753869581392,0.042,0.0216794833886788,0.984,0.015165750888103114,0.83,0.015811388300841875,0.946,0.023021728866442652,0.044,0.01341640786499874,0.984,0.01341640786499875,0.814,0.021908902300206617,0.964,0.008944271909999166,2.154,0.06804410334481603,1.0,0.0,1.0,0.0,0.7,0.0,0.7,0.0
ragroute_online,physics,3,Rel,50,0.7,5,0.0088,0.0033466401061363026,0.5148,0.12309833467598169,0.952,0.0020000000000000018,0.9816,0.0032863353450309995,4.1008000000000004,0.49425418561707696,0.044000000000000004,0.016733200530681513,0.906,0.03646916505762092,0.9,0.007071067811865481,0.986,0.008944271909999166,0.0,0.0,0.4,0.11768602295939817,0.98,0.0,0.99,0.0,4.948,0.48458229435256905,0.010215437426518413,0.0004085591938567917,1.0,0.0,0.010091636782148052,0.0004521505938909264,0.9999999764172436,1.3285544966217238e-09
